Geneid,5,15,30
gene-phage515_00114,,,
gene-Saur515_RS05730,,,
gene-Saur515_RS11170,,,
gene-Saur515_RS01200,,,
gene-Saur515_RS03260,,,
gene-Saur515_RS11135,,,
gene-phage515_00175,,,
gene-Saur515_RS11695,,,
gene-Saur515_RS07250,,,
gene-Saur515_RS07415,,,
gene-Saur515_RS05270,,,
gene-Saur515_RS06090,,,
gene-Saur515_RS11655,,,
gene-Saur515_RS04340,,,
gene-Saur515_RS07475,,,
gene-Saur515_RS05465,,,
gene-Saur515_RS08615,,,
gene-Saur515_RS05065,,,
gene-Saur515_RS09150,,,
gene-Saur515_RS08420,,,
gene-Saur515_RS02780,,,
gene-Saur515_RS03580,,,
gene-Saur515_RS00785,,,
gene-Saur515_RS02350,,,
gene-Saur515_RS01415,,,
gene-Saur515_RS04815,,,
gene-Saur515_RS14360,,,
gene-Saur515_RS06545,,,
gene-Saur515_RS03060,,,
gene-Saur515_RS03460,,,
gene-Saur515_RS11005,,,
gene-Saur515_RS01425,,,
gene-Saur515_RS08320,,,
gene-Saur515_RS04520,,,
gene-phage515_00173,,,
gene-Saur515_RS08115,,,
gene-phage515_00223,,,
gene-Saur515_RS08840,,,
gene-Saur515_RS07930,,,
gene-Saur515_RS02110,,,
gene-Saur515_RS11545,,,
gene-Saur515_RS12580,,,
gene-Saur515_RS14170,,,
gene-Saur515_RS12220,,,
gene-Saur515_RS10400,,,
gene-Saur515_RS03055,,,
gene-Saur515_RS10165,,,
gene-Saur515_RS11385,,,
gene-Saur515_RS13220,,,
gene-Saur515_RS09850,,,
gene-Saur515_RS00045,,,
gene-Saur515_RS01785,,,
gene-Saur515_RS12530,,,
gene-Saur515_RS13845,,,
gene-Saur515_RS12645,,,
gene-phage515_00208,,,
gene-Saur515_RS01990,,,
gene-phage515_00180,,,
gene-Saur515_RS08445,,,
gene-Saur515_RS07525,,,
gene-Saur515_RS09205,,,
gene-Saur515_RS03690,,,
gene-Saur515_RS11690,,,
gene-Saur515_RS13395,,,
gene-Saur515_RS06010,,,
gene-Saur515_RS05370,,,
gene-Saur515_RS13400,,,
gene-Saur515_RS12745,,,
gene-phage515_00124,,,
gene-Saur515_RS07220,,,
gene-Saur515_RS12935,,,
gene-Saur515_RS06335,,,
gene-Saur515_RS00320,,,
gene-Saur515_RS10245,,,
gene-Saur515_RS02495,,,
gene-Saur515_RS02130,,,
gene-Saur515_RS03435,,,
gene-Saur515_RS08700,,,
gene-Saur515_RS00715,,,
gene-Saur515_RS02020,,,
gene-phage515_00028,,,
gene-Saur515_RS00765,,,
gene-phage515_00152,,,
gene-Saur515_RS02105,,,
gene-Saur515_RS12165,,,
gene-Saur515_RS08025,,,
gene-Saur515_RS07720,,,
gene-Saur515_RS07555,,,
gene-Saur515_RS05125,,,
gene-Saur515_RS05530,,,
gene-Saur515_RS13005,,,
gene-Saur515_RS02380,,,
gene-Saur515_RS09755,,,
gene-Saur515_RS06560,,,
gene-Saur515_RS01975,,,
gene-Saur515_RS12910,,,
gene-Saur515_RS14315,,,
gene-Saur515_RS11400,,,
gene-Saur515_RS02805,,,
gene-Saur515_RS00450,,,
gene-Saur515_RS10455,,,
gene-Saur515_RS06275,,,
gene-Saur515_RS04255,,,
gene-Saur515_RS11110,,,
gene-Saur515_RS10890,,,
gene-Saur515_RS04000,,,
gene-Saur515_RS06525,,,
gene-Saur515_RS06645,,,
gene-Saur515_RS09795,,,
gene-Saur515_RS05555,,,
gene-Saur515_RS07400,,,
gene-Saur515_RS11900,,,
gene-Saur515_RS12200,,,
gene-Saur515_RS07725,,,
gene-Saur515_RS10490,,,
gene-Saur515_RS12720,,,
gene-Saur515_RS08105,,,
gene-Saur515_RS13635,,,
gene-Saur515_RS06185,,,
gene-Saur515_RS00560,,,
gene-Saur515_RS13670,,,
gene-phage515_00073,,,
gene-Saur515_RS01375,,,
gene-Saur515_RS12255,,,
gene-Saur515_RS01445,,,
gene-Saur515_RS12525,,,
gene-Saur515_RS10725,,,
gene-Saur515_RS07685,,,
gene-Saur515_RS09475,,,
gene-Saur515_RS09435,,,
gene-Saur515_RS08785,,,
gene-Saur515_RS07365,,,
gene-Saur515_RS04350,,,
gene-Saur515_RS14050,,,
gene-Saur515_RS05115,,,
gene-Saur515_RS05015,,,
gene-Saur515_RS13420,,,
gene-Saur515_RS12680,,,
gene-Saur515_RS03030,,,
gene-phage515_00062,,,
gene-Saur515_RS13390,,,
gene-Saur515_RS02030,,,
gene-phage515_00019,,,
gene-Saur515_RS02920,,,
gene-phage515_00204,,,
gene-Saur515_RS08260,,,
gene-Saur515_RS13975,,,
gene-Saur515_RS05375,,,
gene-Saur515_RS05040,,,
gene-Saur515_RS03400,,,
gene-Saur515_RS08495,,,
gene-Saur515_RS04600,,,
gene-Saur515_RS01825,,,
gene-Saur515_RS00410,,,
gene-phage515_00205,,,
gene-phage515_00230,,,
gene-Saur515_RS09060,,,
gene-Saur515_RS09980,,,
gene-Saur515_RS01075,,,
gene-Saur515_RS01620,,,
gene-Saur515_RS06885,,,
gene-Saur515_RS09725,,,
gene-Saur515_RS03875,,,
gene-Saur515_RS04205,,,
gene-phage515_00044,,,
gene-Saur515_RS11265,,,
gene-Saur515_RS08075,,,
gene-Saur515_RS14385,,,
gene-Saur515_RS13215,,,
gene-Saur515_RS09190,,,
gene-Saur515_RS09975,,,
gene-Saur515_RS10730,,,
gene-Saur515_RS07700,,,
gene-Saur515_RS12635,,,
gene-Saur515_RS07560,,,
gene-Saur515_RS00830,,,
gene-phage515_00095,,,
gene-Saur515_RS03760,,,
gene-Saur515_RS01730,,,
gene-Saur515_RS12740,,,
gene-Saur515_RS14245,,,
gene-Saur515_RS10420,,,
gene-Saur515_RS01775,,,
gene-Saur515_RS04170,,,
gene-Saur515_RS02875,,,
gene-Saur515_RS09235,,,
gene-Saur515_RS14225,,,
gene-Saur515_RS09615,,,
gene-Saur515_RS13720,,,
gene-Saur515_RS13510,,,
gene-phage515_00015,,,
gene-Saur515_RS10465,,,
gene-Saur515_RS11465,,,
gene-Saur515_RS05660,,,
gene-Saur515_RS14005,,,
gene-Saur515_RS11710,,,
gene-Saur515_RS06060,,,
gene-Saur515_RS08245,,,
gene-Saur515_RS08540,,,
gene-Saur515_RS05695,,,
gene-Saur515_RS06855,,,
gene-Saur515_RS09905,,,
gene-phage515_00167,,,
gene-Saur515_RS11880,,,
gene-Saur515_RS09730,,,
gene-Saur515_RS04495,,,
gene-Saur515_RS05480,,,
gene-Saur515_RS04890,,,
gene-Saur515_RS13740,,,
gene-phage515_00126,,,
gene-Saur515_RS12235,,,
gene-Saur515_RS02860,,,
gene-Saur515_RS01430,,,
gene-Saur515_RS10430,,,
gene-Saur515_RS02465,,,
gene-Saur515_RS09780,,,
gene-Saur515_RS05880,,,
gene-Saur515_RS09215,,,
gene-Saur515_RS06215,,,
gene-Saur515_RS06030,,,
gene-Saur515_RS08375,,,
gene-Saur515_RS03650,,,
gene-Saur515_RS10315,,,
gene-Saur515_RS06540,,,
gene-phage515_00209,,,
gene-Saur515_RS10945,,,
gene-Saur515_RS06430,,,
gene-Saur515_RS01465,,,
gene-Saur515_RS00380,,,
gene-Saur515_RS06795,,,
gene-phage515_00087,,,
gene-Saur515_RS13225,,,
gene-Saur515_RS02635,,,
gene-Saur515_RS07925,,,
gene-Saur515_RS06770,,,
gene-Saur515_RS11140,,,
gene-Saur515_RS13765,,,
gene-Saur515_RS13980,,,
gene-Saur515_RS06990,,,
gene-Saur515_RS05955,,,
gene-Saur515_RS03115,,,
gene-Saur515_RS08780,,,
gene-Saur515_RS09345,,,
gene-Saur515_RS07840,,,
gene-Saur515_RS13145,,,
gene-Saur515_RS06280,,,
gene-Saur515_RS07000,,,
gene-Saur515_RS06720,,,
gene-phage515_00138,,,
gene-Saur515_RS02890,,,
gene-Saur515_RS00750,,,
gene-Saur515_RS02645,,,
gene-Saur515_RS11500,,,
gene-Saur515_RS00800,,,
gene-Saur515_RS10380,,,
gene-Saur515_RS14115,,,
gene-Saur515_RS00920,,,
gene-Saur515_RS08275,,,
gene-Saur515_RS11860,,,
gene-Saur515_RS01190,,,
gene-Saur515_RS13565,,,
gene-Saur515_RS06675,,,
gene-Saur515_RS09965,,,
gene-Saur515_RS02765,,,
gene-Saur515_RS12845,,,
gene-Saur515_RS09110,,,
gene-Saur515_RS06900,,,
gene-Saur515_RS07125,,,
gene-Saur515_RS11095,,,
gene-Saur515_RS13490,,,
gene-Saur515_RS04445,,,
gene-phage515_00151,,,
gene-Saur515_RS05870,,,
gene-phage515_00177,,,
gene-Saur515_RS03870,,,
gene-Saur515_RS01350,,,
gene-Saur515_RS13805,,,
gene-Saur515_RS04460,,,
gene-phage515_00068,,,
gene-Saur515_RS08760,,,
gene-Saur515_RS04185,,,
gene-Saur515_RS01900,,,
gene-Saur515_RS03245,,,
gene-Saur515_RS02970,,,
gene-Saur515_RS10845,,,
gene-Saur515_RS01810,,,
gene-Saur515_RS01440,,,
gene-Saur515_RS01935,,,
gene-Saur515_RS00335,,,
gene-Saur515_RS10495,,,
gene-Saur515_RS13430,,,
gene-Saur515_RS05905,,,
gene-Saur515_RS04955,,,
gene-Saur515_RS10235,,,
gene-Saur515_RS00390,,,
gene-Saur515_RS11040,,,
gene-Saur515_RS12685,,,
gene-Saur515_RS07880,,,
gene-Saur515_RS04085,,,
gene-Saur515_RS12250,,,
gene-Saur515_RS00815,,,
gene-Saur515_RS13320,,,
gene-Saur515_RS07780,,,
gene-Saur515_RS06355,,,
gene-Saur515_RS00580,,,
gene-Saur515_RS13530,,,
gene-Saur515_RS10295,,,
gene-Saur515_RS04690,,,
gene-Saur515_RS03215,,,
gene-Saur515_RS02420,,,
gene-Saur515_RS00475,,,
gene-Saur515_RS08370,,,
gene-Saur515_RS12055,,,
gene-Saur515_RS12970,,,
gene-Saur515_RS02570,,,
gene-Saur515_RS07315,,,
gene-Saur515_RS05985,,,
gene-Saur515_RS06455,,,
gene-Saur515_RS12375,,,
gene-Saur515_RS11200,,,
gene-Saur515_RS13870,,,
gene-Saur515_RS00740,,,
gene-Saur515_RS10610,,,
gene-Saur515_RS05895,,,
gene-Saur515_RS01540,,,
gene-Saur515_RS01570,,,
gene-Saur515_RS12695,,,
gene-Saur515_RS13360,,,
gene-Saur515_RS02590,,,
gene-Saur515_RS09765,,,
gene-Saur515_RS14265,,,
gene-Saur515_RS00025,,,
gene-Saur515_RS13300,,,
gene-Saur515_RS05815,,,
gene-Saur515_RS09630,,,
gene-Saur515_RS06535,,,
gene-Saur515_RS00490,,,
gene-Saur515_RS02215,,,
gene-phage515_00116,,,
gene-Saur515_RS02845,,,
gene-Saur515_RS09210,,,
gene-Saur515_RS08905,,,
gene-Saur515_RS13640,,,
gene-Saur515_RS00870,,,
gene-Saur515_RS07035,,,
gene-Saur515_RS07955,,,
gene-Saur515_RS08340,,,
gene-Saur515_RS13205,,,
gene-Saur515_RS00585,,,
gene-Saur515_RS00505,,,
gene-Saur515_RS04905,,,
gene-Saur515_RS05625,,,
gene-Saur515_RS06590,,,
gene-Saur515_RS08065,,,
gene-Saur515_RS02475,,,
gene-Saur515_RS14305,,,
gene-phage515_00094,,,
gene-Saur515_RS14100,,,
gene-phage515_00091,,,
gene-Saur515_RS12620,,,
gene-Saur515_RS07710,,,
gene-Saur515_RS00440,,,
gene-Saur515_RS03475,,,
gene-Saur515_RS00730,,,
gene-Saur515_RS07460,,,
gene-Saur515_RS01680,,,
gene-Saur515_RS01525,,,
gene-phage515_00197,,,
gene-Saur515_RS07865,,,
gene-Saur515_RS01605,,,
gene-Saur515_RS00140,,,
gene-Saur515_RS10515,,,
gene-Saur515_RS01670,,,
gene-Saur515_RS10765,,,
gene-Saur515_RS02315,,,
gene-Saur515_RS03795,,,
gene-Saur515_RS05715,,,
gene-Saur515_RS07355,,,
gene-Saur515_RS07455,,,
gene-Saur515_RS00085,,,
gene-Saur515_RS03200,,,
gene-Saur515_RS11320,,,
gene-Saur515_RS02395,,,
gene-Saur515_RS07150,,,
gene-Saur515_RS03425,,,
gene-Saur515_RS01550,,,
gene-Saur515_RS07605,,,
gene-Saur515_RS03980,,,
gene-Saur515_RS11375,,,
gene-Saur515_RS01310,,,
gene-Saur515_RS00400,,,
gene-Saur515_RS02470,,,
gene-Saur515_RS03995,,,
gene-Saur515_RS11875,,,
gene-Saur515_RS07495,,,
gene-Saur515_RS02810,,,
gene-Saur515_RS06205,,,
gene-phage515_00092,,,
gene-Saur515_RS07010,,,
gene-Saur515_RS06880,,,
gene-Saur515_RS03810,,,
gene-Saur515_RS09025,,,
gene-Saur515_RS07335,,,
gene-Saur515_RS06905,,,
gene-Saur515_RS06665,,,
gene-Saur515_RS07600,,,
gene-Saur515_RS08935,,,
gene-Saur515_RS03605,,,
gene-phage515_00077,,,
gene-Saur515_RS11315,,,
gene-Saur515_RS03815,,,
gene-Saur515_RS01520,,,
gene-Saur515_RS13315,,,
gene-Saur515_RS05790,,,
gene-Saur515_RS08970,,,
gene-Saur515_RS13570,,,
gene-Saur515_RS12190,,,
gene-Saur515_RS02295,,,
gene-Saur515_RS02040,,,
gene-Saur515_RS09335,,,
gene-Saur515_RS11995,,,
gene-Saur515_RS02500,,,
gene-Saur515_RS01030,,,
gene-Saur515_RS13705,,,
gene-Saur515_RS11790,,,
gene-Saur515_RS08625,,,
gene-Saur515_RS11925,,,
gene-Saur515_RS01185,,,
gene-Saur515_RS12045,,,
gene-Saur515_RS00130,,,
gene-Saur515_RS01750,,,
gene-Saur515_RS10070,,,
gene-Saur515_RS12815,,,
gene-Saur515_RS10230,,,
gene-Saur515_RS08385,,,
gene-Saur515_RS04855,,,
gene-Saur515_RS03775,,,
gene-Saur515_RS09640,,,
gene-Saur515_RS09460,,,
gene-Saur515_RS04220,,,
gene-Saur515_RS12080,,,
gene-Saur515_RS05585,,,
gene-Saur515_RS03465,,,
gene-Saur515_RS13275,,,
gene-Saur515_RS12995,,,
gene-Saur515_RS10500,,,
gene-Saur515_RS08845,,,
gene-Saur515_RS00990,,,
gene-Saur515_RS09010,,,
gene-Saur515_RS13095,,,
gene-Saur515_RS14190,,,
gene-Saur515_RS13155,,,
gene-phage515_00186,,,
gene-Saur515_RS01055,,,
gene-Saur515_RS10145,,,
gene-Saur515_RS07450,,,
gene-Saur515_RS04715,,,
gene-Saur515_RS04970,,,
gene-Saur515_RS13025,,,
gene-Saur515_RS12890,,,
gene-phage515_00008,,,
gene-Saur515_RS06530,,,
gene-Saur515_RS11430,,,
gene-Saur515_RS09555,,,
gene-Saur515_RS03145,,,
gene-Saur515_RS03155,,,
gene-Saur515_RS00525,,,
gene-Saur515_RS01385,,,
gene-Saur515_RS05405,,,
gene-Saur515_RS02720,,,
gene-Saur515_RS04710,,,
gene-Saur515_RS07885,,,
gene-Saur515_RS02730,,,
gene-Saur515_RS13650,,,
gene-Saur515_RS09985,,,
gene-Saur515_RS09525,,,
gene-Saur515_RS04810,,,
gene-Saur515_RS13325,,,
gene-Saur515_RS09960,,,
gene-Saur515_RS04685,,,
gene-Saur515_RS11445,,,
gene-Saur515_RS09245,,,
gene-Saur515_RS07675,,,
gene-Saur515_RS01280,,,
gene-Saur515_RS10850,,,
gene-Saur515_RS00825,,,
gene-Saur515_RS02180,,,
gene-phage515_00194,,,
gene-Saur515_RS00575,,,
gene-Saur515_RS12000,,,
gene-Saur515_RS09745,,,
gene-Saur515_RS13730,,,
gene-Saur515_RS05920,,,
gene-Saur515_RS06405,,,
gene-Saur515_RS07285,,,
gene-Saur515_RS03865,,,
gene-Saur515_RS08120,,,
gene-Saur515_RS05315,,,
gene-Saur515_RS11050,,,
gene-Saur515_RS05875,,,
gene-phage515_00157,,,
gene-Saur515_RS04575,,,
gene-Saur515_RS00250,,,
gene-Saur515_RS14460,,,
gene-Saur515_RS10290,,,
gene-Saur515_RS05455,,,
gene-Saur515_RS01580,,,
gene-Saur515_RS02835,,,
gene-Saur515_RS00460,,,
gene-Saur515_RS08975,,,
gene-Saur515_RS06225,,,
gene-phage515_00045,,,
gene-Saur515_RS13905,,,
gene-Saur515_RS00915,,,
gene-Saur515_RS11295,,,
gene-Saur515_RS00745,,,
gene-Saur515_RS08680,,,
gene-Saur515_RS07500,,,
gene-Saur515_RS10620,,,
gene-Saur515_RS10740,,,
gene-Saur515_RS03670,,,
gene-Saur515_RS09285,,,
gene-Saur515_RS02490,,,
gene-Saur515_RS14215,,,
gene-Saur515_RS07020,,,
gene-Saur515_RS04515,,,
gene-Saur515_RS13270,,,
gene-Saur515_RS08190,,,
gene-phage515_00171,,,
gene-Saur515_RS09515,,,
gene-Saur515_RS04930,,,
gene-Saur515_RS09620,,,
gene-Saur515_RS02435,,,
gene-Saur515_RS08080,,,
gene-Saur515_RS09540,,,
gene-Saur515_RS08055,,,
gene-Saur515_RS13760,,,
gene-Saur515_RS07275,,,
gene-phage515_00112,,,
gene-Saur515_RS02400,,,
gene-Saur515_RS05710,,,
gene-Saur515_RS11080,,,
gene-Saur515_RS08685,,,
gene-Saur515_RS06765,,,
gene-Saur515_RS04660,,,
gene-Saur515_RS00365,,,
gene-Saur515_RS04880,,,
gene-phage515_00070,,,
gene-Saur515_RS07045,,,
gene-Saur515_RS07770,,,
gene-Saur515_RS06075,,,
gene-Saur515_RS08920,,,
gene-Saur515_RS01925,,,
gene-Saur515_RS00415,,,
gene-Saur515_RS04555,,,
gene-Saur515_RS03295,,,
gene-Saur515_RS12130,,,
gene-phage515_00066,,,
gene-Saur515_RS13655,,,
gene-Saur515_RS09585,,,
gene-Saur515_RS13590,,,
gene-Saur515_RS09910,,,
gene-Saur515_RS08180,,,
gene-Saur515_RS14365,,,
gene-Saur515_RS01795,,,
gene-Saur515_RS01905,,,
gene-Saur515_RS11150,,,
gene-Saur515_RS03250,,,
gene-Saur515_RS10535,,,
gene-Saur515_RS12285,,,
gene-Saur515_RS05640,,,
gene-Saur515_RS06835,,,
gene-Saur515_RS00655,,,
gene-Saur515_RS05360,,,
gene-Saur515_RS09200,,,
gene-phage515_00036,,,
gene-Saur515_RS12550,,,
gene-Saur515_RS11275,,,
gene-Saur515_RS03020,,,
gene-Saur515_RS11580,,,
gene-Saur515_RS06270,,,
gene-phage515_00034,,,
gene-Saur515_RS08580,,,
gene-Saur515_RS07165,,,
gene-Saur515_RS07305,,,
gene-Saur515_RS04900,,,
gene-Saur515_RS09135,,,
gene-Saur515_RS03970,,,
gene-Saur515_RS10020,,,
gene-phage515_00190A,,,
gene-Saur515_RS07705,,,
gene-Saur515_RS12430,,,
gene-Saur515_RS09565,,,
gene-Saur515_RS06250,,,
gene-Saur515_RS01255,,,
gene-Saur515_RS06965,,,
gene-Saur515_RS11210,,,
gene-Saur515_RS04795,,,
gene-Saur515_RS06255,,,
gene-Saur515_RS13990,,,
gene-Saur515_RS13710,,,
gene-Saur515_RS04620,,,
gene-Saur515_RS11660,,,
gene-Saur515_RS04245,,,
gene-Saur515_RS00375,,,
gene-Saur515_RS00485,,,
gene-Saur515_RS04045,,,
gene-Saur515_RS09830,,,
gene-Saur515_RS05240,,,
gene-Saur515_RS08165,,,
gene-Saur515_RS08085,,,
gene-Saur515_RS06265,,,
gene-phage515_00030,,,
gene-Saur515_RS02640,,,
gene-Saur515_RS03750,,,
gene-Saur515_RS07325,,,
gene-Saur515_RS10305,,,
gene-Saur515_RS10665,,,
gene-Saur515_RS09835,,,
gene-Saur515_RS02425,,,
gene-Saur515_RS07765,,,
gene-phage515_00184,,,
gene-phage515_00176,,,
gene-Saur515_RS05430,,,
gene-Saur515_RS13310,,,
gene-Saur515_RS10530,,,
gene-Saur515_RS10795,,,
gene-Saur515_RS12400,,,
gene-Saur515_RS11515,,,
gene-Saur515_RS09880,,,
gene-Saur515_RS06080,,,
gene-Saur515_RS03925,,,
gene-Saur515_RS02035,,,
gene-Saur515_RS09005,,,
gene-Saur515_RS08265,,,
gene-Saur515_RS05225,,,
gene-Saur515_RS06400,,,
gene-Saur515_RS14325,,,
gene-Saur515_RS08810,,,
gene-Saur515_RS14450,,,
gene-Saur515_RS14355,,,
gene-Saur515_RS09855,,,
gene-Saur515_RS13610,,,
gene-phage515_00010,,,
gene-Saur515_RS08745,,,
gene-Saur515_RS00510,,,
gene-Saur515_RS03705,,,
gene-Saur515_RS09560,,,
gene-Saur515_RS10310,,,
gene-Saur515_RS01930,,,
gene-phage515_00128,,,
gene-Saur515_RS12350,,,
gene-Saur515_RS04165,,,
gene-phage515_00079,,,
gene-Saur515_RS06930,,,
gene-Saur515_RS00530,,,
gene-Saur515_RS13735,,,
gene-Saur515_RS11485,,,
gene-Saur515_RS11560,,,
gene-Saur515_RS09930,,,
gene-Saur515_RS01305,,,
gene-Saur515_RS05300,,,
gene-Saur515_RS10965,,,
gene-Saur515_RS05095,,,
gene-Saur515_RS03365,,,
gene-Saur515_RS02305,,,
gene-phage515_00109,,,
gene-Saur515_RS03855,,,
gene-Saur515_RS12185,,,
gene-Saur515_RS08210,,,
gene-Saur515_RS14070,,,
gene-phage515_00206,,,
gene-Saur515_RS03730,,,
gene-Saur515_RS10360,,,
gene-phage515_00081,,,
gene-Saur515_RS02445,,,
gene-phage515_00165,,,
gene-Saur515_RS06145,,,
gene-Saur515_RS06485,,,
gene-Saur515_RS04265,,,
gene-Saur515_RS03615,,,
gene-Saur515_RS02655,,,
gene-Saur515_RS13850,,,
gene-Saur515_RS00725,,,
gene-Saur515_RS07510,,,
gene-Saur515_RS11480,,,
gene-phage515_00016,,,
gene-phage515_00037,,,
gene-Saur515_RS10955,,,
gene-Saur515_RS11450,,,
gene-Saur515_RS11630,,,
gene-Saur515_RS02200,,,
gene-Saur515_RS11270,,,
gene-Saur515_RS09395,,,
gene-Saur515_RS04005,,,
gene-Saur515_RS03175,,,
gene-Saur515_RS01830,,,
gene-Saur515_RS00360,,,
gene-Saur515_RS13015,,,
gene-Saur515_RS09520,,,
gene-Saur515_RS07480,,,
gene-Saur515_RS09405,,,
gene-Saur515_RS02960,,,
gene-Saur515_RS03445,,,
gene-Saur515_RS02440,,,
gene-Saur515_RS08990,,,
gene-Saur515_RS02790,,,
gene-Saur515_RS06585,,,
gene-Saur515_RS08655,,,
gene-Saur515_RS12460,,,
gene-Saur515_RS00100,,,
gene-Saur515_RS14430,,,
gene-Saur515_RS02760,,,
gene-Saur515_RS00850,,,
gene-Saur515_RS01890,,,
gene-Saur515_RS07970,,,
gene-Saur515_RS13450,,,
gene-Saur515_RS00770,,,
gene-Saur515_RS02190,,,
gene-Saur515_RS14220,,,
gene-Saur515_RS09425,,,
gene-Saur515_RS09500,,,
gene-phage515_00052,,,
gene-Saur515_RS11230,,,
gene-Saur515_RS11915,,,
gene-Saur515_RS04565,,,
gene-Saur515_RS10520,,,
gene-Saur515_RS14180,,,
gene-Saur515_RS02285,,,
gene-Saur515_RS02830,,,
gene-Saur515_RS03375,,,
gene-phage515_00038,,,
gene-Saur515_RS13755,,,
gene-Saur515_RS07015,,,
gene-Saur515_RS09155,,,
gene-Saur515_RS08205,,,
gene-Saur515_RS14000,,,
gene-Saur515_RS06260,,,
gene-Saur515_RS05070,,,
gene-Saur515_RS11180,,,
gene-phage515_00181,,,
gene-Saur515_RS11370,,,
gene-Saur515_RS07995,,,
gene-Saur515_RS06440,,,
gene-Saur515_RS11205,,,
gene-Saur515_RS06995,,,
gene-Saur515_RS07085,,,
gene-phage515_00163,,,
gene-Saur515_RS03065,,,
gene-Saur515_RS02090,,,
gene-Saur515_RS01515,,,
gene-Saur515_RS06875,,,
gene-Saur515_RS07690,,,
gene-Saur515_RS00480,,,
gene-Saur515_RS07820,,,
gene-Saur515_RS12955,,,
gene-Saur515_RS14290,,,
gene-Saur515_RS06980,,,
gene-Saur515_RS05845,,,
gene-phage515_00046,,,
gene-Saur515_RS04215,,,
gene-Saur515_RS11845,,,
gene-Saur515_RS11300,,,
gene-Saur515_RS06925,,,
gene-Saur515_RS13660,,,
gene-Saur515_RS13425,,,
gene-Saur515_RS04665,,,
gene-phage515_00133,,,
gene-Saur515_RS12125,,,
gene-Saur515_RS04480,,,
gene-Saur515_RS02070,,,
gene-Saur515_RS02060,,,
gene-Saur515_RS02165,,,
gene-Saur515_RS10170,,,
gene-Saur515_RS00835,,,
gene-Saur515_RS13595,,,
gene-Saur515_RS08040,,,
gene-Saur515_RS09160,,,
gene-Saur515_RS03370,,,
gene-Saur515_RS03360,,,
gene-Saur515_RS13130,,,
gene-Saur515_RS05795,,,
gene-Saur515_RS02825,,,
gene-Saur515_RS05130,,,
gene-Saur515_RS04275,,,
gene-Saur515_RS00155,,,
gene-Saur515_RS11670,,,
gene-Saur515_RS03595,,,
gene-Saur515_RS06610,,,
gene-Saur515_RS10735,,,
gene-Saur515_RS07030,,,
gene-phage515_00190,,,
gene-Saur515_RS10920,,,
gene-Saur515_RS08310,,,
gene-Saur515_RS04200,,,
gene-Saur515_RS05055,,,
gene-Saur515_RS08525,,,
gene-Saur515_RS12455,,,
gene-Saur515_RS10745,,,
gene-Saur515_RS02000,,,
gene-Saur515_RS01245,,,
gene-Saur515_RS13035,,,
gene-Saur515_RS07550,,,
gene-Saur515_RS06715,,,
gene-Saur515_RS08830,,,
gene-Saur515_RS10985,,,
gene-Saur515_RS10585,,,
gene-Saur515_RS06740,,,
gene-Saur515_RS00790,,,
gene-Saur515_RS09295,,,
gene-phage515_00231,,,
gene-Saur515_RS11405,,,
gene-Saur515_RS13110,,,
gene-Saur515_RS07170,,,
gene-Saur515_RS04330,,,
gene-Saur515_RS06670,,,
gene-Saur515_RS01645,,,
gene-Saur515_RS08390,,,
gene-Saur515_RS09740,,,
gene-Saur515_RS07130,,,
gene-Saur515_RS03920,,,
gene-Saur515_RS01400,,,
gene-Saur515_RS12585,,,
gene-Saur515_RS05435,,,
gene-Saur515_RS12785,,,
gene-Saur515_RS05780,,,
gene-Saur515_RS03150,,,
gene-Saur515_RS07535,,,
gene-Saur515_RS04670,,,
gene-Saur515_RS03305,,,
gene-Saur515_RS01235,,,
gene-Saur515_RS02150,,,
gene-Saur515_RS08870,,,
gene-Saur515_RS04525,,,
gene-Saur515_RS05990,,,
gene-Saur515_RS03895,,,
gene-Saur515_RS02265,,,
gene-Saur515_RS00295,,,
gene-Saur515_RS05515,,,
gene-Saur515_RS10335,,,
gene-Saur515_RS03285,,,
gene-Saur515_RS00805,,,
gene-Saur515_RS08195,,,
gene-Saur515_RS13575,,,
gene-Saur515_RS07295,,,
gene-Saur515_RS11815,,,
gene-Saur515_RS06410,,,
gene-Saur515_RS11615,,,
gene-Saur515_RS06295,,,
gene-Saur515_RS04850,,,
gene-Saur515_RS04415,,,
gene-phage515_00021,,,
gene-Saur515_RS02935,,,
gene-Saur515_RS07100,,,
gene-Saur515_RS04820,,,
gene-Saur515_RS12505,,,
gene-Saur515_RS04125,,,
gene-phage515_00076,,,
gene-Saur515_RS01715,,,
gene-Saur515_RS10030,,,
gene-Saur515_RS14175,,,
gene-Saur515_RS13370,,,
gene-phage515_00074,,,
gene-Saur515_RS04410,,,
gene-Saur515_RS10710,,,
gene-Saur515_RS13350,,,
gene-Saur515_RS10085,,,
gene-Saur515_RS12355,,,
gene-Saur515_RS06370,,,
gene-Saur515_RS04735,,,
gene-Saur515_RS08490,,,
gene-Saur515_RS08130,,,
gene-Saur515_RS09645,,,
gene-Saur515_RS02550,,,
gene-Saur515_RS02575,,,
gene-Saur515_RS00925,,,
gene-Saur515_RS05705,,,
gene-Saur515_RS07205,,,
gene-Saur515_RS05725,,,
gene-Saur515_RS05690,,,
gene-Saur515_RS13550,,,
gene-Saur515_RS11715,,,
gene-Saur515_RS09140,,,
gene-Saur515_RS10175,,,
gene-Saur515_RS12810,,,
gene-Saur515_RS07345,,,
gene-Saur515_RS11780,,,
gene-Saur515_RS10325,,,
gene-Saur515_RS01035,,,
gene-Saur515_RS01660,,,
gene-Saur515_RS00290,,,
gene-Saur515_RS11255,,,
gene-Saur515_RS01160,,,
gene-Saur515_RS11440,,,
gene-Saur515_RS01110,,,
gene-Saur515_RS11890,,,
gene-Saur515_RS02480,,,
gene-Saur515_RS07785,,,
gene-Saur515_RS05980,,,
gene-Saur515_RS02385,,,
gene-Saur515_RS13010,,,
gene-Saur515_RS04010,,,
gene-phage515_00140,,,
gene-Saur515_RS13055,,,
gene-Saur515_RS07815,,,
gene-Saur515_RS00945,,,
gene-Saur515_RS07860,,,
gene-Saur515_RS14285,,,
gene-Saur515_RS02955,,,
gene-Saur515_RS13020,,,
gene-Saur515_RS00260,,,
gene-Saur515_RS00995,,,
gene-phage515_00185,,,
gene-Saur515_RS06595,,,
gene-Saur515_RS00435,,,
gene-Saur515_RS09415,,,
gene-Saur515_RS14195,,,
gene-phage515_00047,,,
gene-Saur515_RS13950,,,
gene-Saur515_RS02325,,,
gene-phage515_00103,,,
gene-Saur515_RS07185,,,
gene-Saur515_RS07095,,,
gene-Saur515_RS02290,,,
gene-Saur515_RS00625,,,
gene-Saur515_RS07750,,,
gene-Saur515_RS07145,,,
gene-Saur515_RS08790,,,
gene-Saur515_RS11770,,,
gene-Saur515_RS08565,,,
gene-Saur515_RS09595,,,
gene-Saur515_RS11415,,,
gene-Saur515_RS04940,,,
gene-Saur515_RS01615,,,
gene-Saur515_RS06730,,,
gene-Saur515_RS04425,,,
gene-Saur515_RS05030,,,
gene-Saur515_RS03005,,,
gene-Saur515_RS03545,,,
gene-Saur515_RS10595,,,
gene-Saur515_RS04560,,,
gene-Saur515_RS02135,,,
gene-Saur515_RS09775,,,
gene-Saur515_RS02930,,,
gene-Saur515_RS08575,,,
gene-Saur515_RS13830,,,
gene-Saur515_RS08695,,,
gene-Saur515_RS02880,,,
gene-Saur515_RS02975,,,
gene-Saur515_RS04915,,,
gene-Saur515_RS04180,,,
gene-Saur515_RS01225,,,
gene-Saur515_RS04380,,,
gene-Saur515_RS05550,,,
gene-Saur515_RS00010,,,
gene-Saur515_RS06210,,,
gene-Saur515_RS04790,,,
gene-Saur515_RS01170,,,
gene-Saur515_RS09810,,,
gene-Saur515_RS05170,,,
gene-Saur515_RS13615,,,
gene-Saur515_RS02840,,,
gene-Saur515_RS14210,,,
gene-Saur515_RS11360,,,
gene-Saur515_RS02240,,,
gene-phage515_00024,,,
gene-Saur515_RS12195,,,
gene-Saur515_RS06620,,,
gene-Saur515_RS00300,,,
gene-Saur515_RS02725,,,
gene-phage515_00063,,,
gene-Saur515_RS07895,,,
gene-Saur515_RS10285,,,
gene-Saur515_RS11195,,,
gene-Saur515_RS04950,,,
gene-Saur515_RS09320,,,
gene-Saur515_RS10390,,,
gene-Saur515_RS13460,,,
gene-Saur515_RS00065,,,
gene-Saur515_RS12510,,,
gene-Saur515_RS01630,,,
gene-Saur515_RS02100,,,
gene-Saur515_RS06685,,,
gene-Saur515_RS09580,,,
gene-Saur515_RS10760,,,
gene-Saur515_RS04400,,,
gene-Saur515_RS12385,,,
gene-Saur515_RS07215,,,
gene-Saur515_RS05635,,,
gene-Saur515_RS08305,,,
gene-Saur515_RS09120,,,
gene-Saur515_RS08060,,,
gene-phage515_00226,,,
gene-Saur515_RS11240,,,
gene-Saur515_RS07935,,,
gene-Saur515_RS12715,,,
gene-Saur515_RS00080,,,
gene-Saur515_RS04865,,,
gene-Saur515_RS12075,,,
gene-Saur515_RS12700,,,
gene-Saur515_RS09280,,,
gene-Saur515_RS07835,,,
gene-Saur515_RS09670,,,
gene-Saur515_RS04075,,,
gene-Saur515_RS13165,,,
gene-Saur515_RS09635,,,
gene-Saur515_RS03885,,,
gene-Saur515_RS00795,,,
gene-Saur515_RS06460,,,
gene-Saur515_RS03490,,,
gene-Saur515_RS01165,,,
gene-Saur515_RS10330,,,
gene-Saur515_RS08715,,,
gene-Saur515_RS04195,,,
gene-Saur515_RS04640,,,
gene-Saur515_RS02855,,,
gene-Saur515_RS04485,,,
gene-Saur515_RS07610,,,
gene-Saur515_RS11640,,,
gene-Saur515_RS12555,,,
gene-Saur515_RS12990,,,
gene-Saur515_RS07655,,,
gene-Saur515_RS00500,,,
gene-phage515_00120,,,
gene-Saur515_RS06920,,,
gene-Saur515_RS01295,,,
gene-phage515_00176A,,,
gene-Saur515_RS06125,,,
gene-Saur515_RS06385,,,
gene-Saur515_RS09710,,,
gene-phage515_00153,,,
gene-Saur515_RS00345,,,
gene-Saur515_RS11250,,,
gene-Saur515_RS13260,,,
gene-Saur515_RS04320,,,
gene-Saur515_RS08015,,,
gene-Saur515_RS06120,,,
gene-Saur515_RS11665,,,
gene-Saur515_RS10820,,,
gene-Saur515_RS04240,,,
gene-Saur515_RS12515,,,
gene-Saur515_RS10950,,,
gene-Saur515_RS05940,,,
gene-Saur515_RS03990,,,
gene-Saur515_RS01095,,,
gene-Saur515_RS00200,,,
gene-phage515_00210,,,
gene-Saur515_RS08620,,,
gene-Saur515_RS11705,,,
gene-phage515_00136,,,
gene-Saur515_RS08875,,,
gene-Saur515_RS02235,,,
gene-Saur515_RS04770,,,
gene-Saur515_RS00645,,,
gene-phage515_00222,,,
gene-Saur515_RS11940,,,
gene-Saur515_RS12545,,,
gene-Saur515_RS10000,,,
gene-Saur515_RS04530,,,
gene-phage515_00006,,,
gene-Saur515_RS02815,,,
gene-Saur515_RS12145,,,
gene-Saur515_RS11955,,,
gene-Saur515_RS05930,,,
gene-Saur515_RS06570,,,
gene-Saur515_RS06315,,,
gene-Saur515_RS03555,,,
gene-Saur515_RS06040,,,
gene-Saur515_RS07270,,,
gene-Saur515_RS10240,,,
gene-Saur515_RS06390,,,
gene-Saur515_RS03345,,,
gene-Saur515_RS03515,,,
gene-Saur515_RS04360,,,
gene-Saur515_RS02255,,,
gene-Saur515_RS01980,,,
gene-Saur515_RS12500,,,
gene-Saur515_RS10260,,,
gene-Saur515_RS05090,,,
gene-Saur515_RS03805,,,
gene-Saur515_RS04615,,,
gene-Saur515_RS06035,,,
gene-Saur515_RS12930,,,
gene-Saur515_RS13910,,,
gene-Saur515_RS10865,,,
gene-Saur515_RS12300,,,
gene-Saur515_RS02375,,,
gene-Saur515_RS10095,,,
gene-Saur515_RS02595,,,
gene-Saur515_RS11530,,,
gene-Saur515_RS02985,,,
gene-Saur515_RS04470,,,
gene-Saur515_RS03675,,,
gene-Saur515_RS10140,,,
gene-Saur515_RS08355,,,
gene-Saur515_RS07985,,,
gene-Saur515_RS02770,,,
gene-Saur515_RS00255,,,
gene-Saur515_RS02795,,,
gene-phage515_00233,,,
gene-Saur515_RS12135,,,
gene-Saur515_RS11475,,,
gene-Saur515_RS09040,,,
gene-Saur515_RS06415,,,
gene-Saur515_RS06750,,,
gene-Saur515_RS08630,,,
gene-Saur515_RS00060,,,
gene-phage515_00004,,,
gene-Saur515_RS12030,,,
gene-Saur515_RS05395,,,
gene-Saur515_RS14345,,,
gene-Saur515_RS04490,,,
gene-Saur515_RS05505,,,
gene-Saur515_RS09550,,,
gene-Saur515_RS02175,,,
gene-Saur515_RS12780,,,
gene-Saur515_RS00540,,,
gene-Saur515_RS12675,,,
gene-Saur515_RS09790,,,
gene-Saur515_RS09075,,,
gene-Saur515_RS00115,,,
gene-Saur515_RS02430,,,
gene-Saur515_RS04120,,,
gene-phage515_00099,,,
gene-Saur515_RS03395,,,
gene-Saur515_RS10105,,,
gene-Saur515_RS10840,,,
gene-Saur515_RS05495,,,
gene-Saur515_RS05745,,,
gene-Saur515_RS03560,,,
gene-Saur515_RS00125,,,
gene-Saur515_RS07760,,,
gene-Saur515_RS01240,,,
gene-Saur515_RS01755,,,
gene-Saur515_RS04995,,,
gene-Saur515_RS02735,,,
gene-Saur515_RS03495,,,
gene-Saur515_RS05325,,,
gene-Saur515_RS08590,,,
gene-Saur515_RS12005,,,
gene-Saur515_RS07575,,,
gene-Saur515_RS05675,,,
gene-Saur515_RS01390,,,
gene-Saur515_RS01895,,,
gene-Saur515_RS09505,,,
gene-phage515_00170,,,
gene-Saur515_RS12915,,,
gene-Saur515_RS01505,,,
gene-Saur515_RS04315,,,
gene-Saur515_RS14275,,,
gene-Saur515_RS03140,,,
gene-Saur515_RS01495,,,
gene-Saur515_RS09705,,,
gene-Saur515_RS02185,,,
gene-Saur515_RS01100,,,
gene-phage515_00189,,,
gene-Saur515_RS11895,,,
gene-Saur515_RS10960,,,
gene-Saur515_RS12900,,,
gene-Saur515_RS14405,,,
gene-Saur515_RS07260,,,
gene-Saur515_RS04040,,,
gene-Saur515_RS00280,,,
gene-Saur515_RS12465,,,
gene-Saur515_RS05560,,,
gene-Saur515_RS07960,,,
gene-Saur515_RS11420,,,
gene-Saur515_RS09940,,,
gene-Saur515_RS07665,,,
gene-Saur515_RS03600,,,
gene-Saur515_RS11800,,,
gene-Saur515_RS08890,,,
gene-Saur515_RS14260,,,
gene-Saur515_RS06955,,,
gene-Saur515_RS14320,,,
gene-Saur515_RS05365,,,
gene-Saur515_RS08470,,,
gene-Saur515_RS04765,,,
gene-Saur515_RS06005,,,
gene-phage515_00218,,,
gene-Saur515_RS03010,,,
gene-Saur515_RS00885,,,
gene-Saur515_RS10635,,,
gene-Saur515_RS03325,,,
gene-Saur515_RS01765,,,
gene-Saur515_RS09250,,,
gene-Saur515_RS01330,,,
gene-Saur515_RS10280,,,
gene-Saur515_RS00630,,,
gene-Saur515_RS08395,,,
gene-Saur515_RS01435,,,
gene-Saur515_RS06340,,,
gene-Saur515_RS04450,,,
gene-Saur515_RS06200,,,
gene-Saur515_RS08455,,,
gene-phage515_00229,,,
gene-Saur515_RS12865,,,
gene-Saur515_RS02895,,,
gene-Saur515_RS14340,,,
gene-Saur515_RS02850,,,
gene-Saur515_RS00680,,,
gene-Saur515_RS13935,,,
gene-Saur515_RS14065,,,
gene-Saur515_RS07505,,,
gene-Saur515_RS00520,,,
gene-Saur515_RS04805,,,
gene-Saur515_RS08605,,,
gene-Saur515_RS11645,,,
gene-Saur515_RS03550,,,
gene-Saur515_RS10045,,,
gene-Saur515_RS01880,,,
gene-Saur515_RS10160,,,
gene-Saur515_RS01270,,,
gene-Saur515_RS11510,,,
gene-Saur515_RS01480,,,
gene-Saur515_RS03455,,,
gene-Saur515_RS01725,,,
gene-Saur515_RS01790,,,
gene-Saur515_RS11765,,,
gene-Saur515_RS08755,,,
gene-Saur515_RS14120,,,
gene-Saur515_RS10265,,,
gene-Saur515_RS06020,,,
gene-Saur515_RS03825,,,
gene-Saur515_RS01460,,,
gene-Saur515_RS13045,,,
gene-Saur515_RS03755,,,
gene-Saur515_RS01595,,,
gene-Saur515_RS02025,,,
gene-Saur515_RS14105,,,
gene-Saur515_RS13470,,,
gene-Saur515_RS06470,,,
gene-Saur515_RS13625,,,
gene-Saur515_RS12985,,,
gene-Saur515_RS00570,,,
gene-Saur515_RS00310,,,
gene-Saur515_RS08500,,,
gene-Saur515_RS01485,,,
gene-Saur515_RS07650,,,
gene-Saur515_RS06935,,,
gene-phage515_00058,,,
gene-Saur515_RS09450,,,
gene-phage515_00017,,,
gene-Saur515_RS11740,,,
gene-phage515_00160,,,
gene-Saur515_RS06810,,,
gene-Saur515_RS02230,,,
gene-Saur515_RS11600,,,
gene-Saur515_RS04145,,,
gene-Saur515_RS09390,,,
gene-Saur515_RS06940,,,
gene-Saur515_RS13860,,,
gene-Saur515_RS12610,,,
gene-Saur515_RS02870,,,
gene-Saur515_RS01940,,,
gene-Saur515_RS12850,,,
gene-Saur515_RS02670,,,
gene-Saur515_RS04975,,,
gene-Saur515_RS01855,,,
gene-phage515_00147,,,
gene-Saur515_RS03085,,,
gene-Saur515_RS04585,,,
gene-Saur515_RS05085,,,
gene-Saur515_RS07775,,,
gene-Saur515_RS04535,,,
gene-Saur515_RS02630,,,
gene-phage515_00080,,,
gene-Saur515_RS10475,,,
gene-Saur515_RS07740,,,
gene-Saur515_RS00760,,,
gene-Saur515_RS05570,,,
gene-Saur515_RS13070,,,
gene-Saur515_RS04870,,,
gene-Saur515_RS00615,,,
gene-Saur515_RS07660,,,
gene-Saur515_RS09350,,,
gene-Saur515_RS01020,,,
gene-Saur515_RS03620,,,
gene-Saur515_RS07395,,,
gene-Saur515_RS01840,,,
gene-Saur515_RS07040,,,
gene-Saur515_RS02605,,,
gene-Saur515_RS04750,,,
gene-phage515_00067,,,
gene-Saur515_RS07115,,,
gene-phage515_00102,,,
gene-Saur515_RS13790,,,
gene-Saur515_RS12365,,,
gene-Saur515_RS06465,,,
gene-Saur515_RS00555,,,
gene-phage515_00026,,,
gene-Saur515_RS05135,,,
gene-Saur515_RS08350,,,
gene-Saur515_RS09225,,,
gene-Saur515_RS07755,,,
gene-Saur515_RS01205,,,
gene-Saur515_RS12050,,,
gene-Saur515_RS04440,,,
gene-Saur515_RS02660,,,
gene-Saur515_RS08645,,,
gene-Saur515_RS00545,,,
gene-Saur515_RS11345,,,
gene-Saur515_RS12640,,,
gene-Saur515_RS10815,,,
gene-Saur515_RS01420,,,
gene-Saur515_RS04135,,,
gene-Saur515_RS04920,,,
gene-Saur515_RS04680,,,
gene-Saur515_RS07910,,,
gene-Saur515_RS11755,,,
gene-Saur515_RS04835,,,
gene-Saur515_RS09030,,,
gene-Saur515_RS02715,,,
gene-Saur515_RS07730,,,
gene-Saur515_RS06550,,,
gene-Saur515_RS05615,,,
gene-Saur515_RS03220,,,
gene-Saur515_RS06420,,,
gene-Saur515_RS08885,,,
gene-Saur515_RS02405,,,
gene-Saur515_RS03530,,,
gene-Saur515_RS00150,,,
gene-Saur515_RS05500,,,
gene-Saur515_RS05835,,,
gene-Saur515_RS03610,,,
gene-Saur515_RS11455,,,
gene-Saur515_RS13875,,,
gene-Saur515_RS10810,,,
gene-Saur515_RS13700,,,
gene-Saur515_RS07390,,,
gene-Saur515_RS05810,,,
gene-Saur515_RS05665,,,
gene-Saur515_RS04580,,,
gene-Saur515_RS08380,,,
gene-Saur515_RS05145,,,
gene-Saur515_RS09410,,,
gene-Saur515_RS06945,,,
gene-Saur515_RS11505,,,
gene-Saur515_RS13800,,,
gene-Saur515_RS10720,,,
gene-Saur515_RS06480,,,
gene-Saur515_RS06055,,,
gene-Saur515_RS05485,,,
gene-Saur515_RS06825,,,
gene-Saur515_RS11260,,,
gene-Saur515_RS06245,,,
gene-phage515_00188,,,
gene-Saur515_RS01915,,,
gene-Saur515_RS10975,,,
gene-Saur515_RS06890,,,
gene-Saur515_RS03025,,,
gene-Saur515_RS09420,,,
gene-Saur515_RS01490,,,
gene-Saur515_RS01865,,,
gene-Saur515_RS02990,,,
gene-Saur515_RS05580,,,
gene-Saur515_RS03410,,,
gene-phage515_00111,,,
gene-Saur515_RS08155,,,
gene-Saur515_RS01215,,,
gene-Saur515_RS09805,,,
gene-Saur515_RS13385,,,
gene-Saur515_RS12615,,,
gene-Saur515_RS12535,,,
gene-Saur515_RS03270,,,
gene-Saur515_RS09020,,,
gene-phage515_00105,,,
gene-Saur515_RS10660,,,
gene-Saur515_RS10185,,,
gene-Saur515_RS12205,,,
gene-Saur515_RS07110,,,
gene-Saur515_RS05450,,,
gene-Saur515_RS06300,,,
gene-Saur515_RS09085,,,
gene-Saur515_RS13815,,,
gene-Saur515_RS05045,,,
gene-Saur515_RS03450,,,
gene-Saur515_RS09840,,,
gene-Saur515_RS13160,,,
gene-Saur515_RS10970,,,
gene-Saur515_RS12595,,,
gene-Saur515_RS09660,,,
gene-Saur515_RS10275,,,
gene-phage515_00069,,,
gene-Saur515_RS10485,,,
gene-Saur515_RS11185,,,
gene-Saur515_RS00005,,,
gene-Saur515_RS12010,,,
gene-Saur515_RS11825,,,
gene-Saur515_RS13775,,,
gene-Saur515_RS12860,,,
gene-Saur515_RS12335,,,
gene-Saur515_RS05975,,,
gene-Saur515_RS13435,,,
gene-phage515_00219,,,
gene-Saur515_RS04285,,,
gene-Saur515_RS12230,,,
gene-Saur515_RS07850,,,
gene-Saur515_RS03440,,,
gene-Saur515_RS11720,,,
gene-Saur515_RS05100,,,
gene-Saur515_RS02540,,,
gene-Saur515_RS03480,,,
gene-Saur515_RS00355,,,
gene-Saur515_RS13885,,,
gene-Saur515_RS11590,,,
gene-Saur515_RS10565,,,
gene-Saur515_RS10715,,,
gene-Saur515_RS07870,,,
gene-Saur515_RS12470,,,
gene-Saur515_RS01275,,,
gene-Saur515_RS11090,,,
gene-Saur515_RS03320,,,
gene-Saur515_RS04115,,,
gene-Saur515_RS13445,,,
gene-Saur515_RS05445,,,
gene-Saur515_RS03110,,,
gene-Saur515_RS09035,,,
gene-Saur515_RS05305,,,
gene-Saur515_RS10005,,,
gene-Saur515_RS05510,,,
gene-Saur515_RS00075,,,
gene-Saur515_RS02210,,,
gene-Saur515_RS07965,,,
gene-Saur515_RS10345,,,
gene-Saur515_RS02585,,,
gene-Saur515_RS03045,,,
gene-Saur515_RS03105,,,
gene-Saur515_RS00665,,,
gene-Saur515_RS04130,,,
gene-Saur515_RS08640,,,
gene-Saur515_RS03315,,,
gene-Saur515_RS01120,,,
gene-Saur515_RS08220,,,
gene-Saur515_RS10180,,,
gene-phage515_00039,,,
gene-Saur515_RS07640,,,
gene-Saur515_RS08950,,,
gene-Saur515_RS08670,,,
gene-Saur515_RS09685,,,
gene-Saur515_RS05280,,,
gene-Saur515_RS10550,,,
gene-Saur515_RS08775,,,
gene-Saur515_RS05865,,,
gene-Saur515_RS01040,,,
gene-Saur515_RS14135,,,
gene-Saur515_RS06445,,,
gene-Saur515_RS03635,,,
gene-Saur515_RS03050,,,
gene-Saur515_RS10130,,,
gene-Saur515_RS08485,,,
gene-Saur515_RS07435,,,
gene-Saur515_RS06580,,,
gene-Saur515_RS05105,,,
gene-Saur515_RS03100,,,
gene-Saur515_RS04175,,,
gene-Saur515_RS02390,,,
gene-Saur515_RS09170,,,
gene-Saur515_RS04785,,,
gene-Saur515_RS01355,,,
gene-Saur515_RS05950,,,
gene-Saur515_RS00960,,,
gene-Saur515_RS03075,,,
gene-Saur515_RS12960,,,
gene-Saur515_RS03975,,,
gene-Saur515_RS03160,,,
gene-phage515_00001,,,
gene-phage515_00104,,,
gene-Saur515_RS12665,,,
gene-Saur515_RS12520,,,
gene-Saur515_RS04675,,,
gene-Saur515_RS09890,,,
gene-Saur515_RS05925,,,
gene-Saur515_RS08360,,,
gene-Saur515_RS03230,,,
gene-Saur515_RS04210,,,
gene-Saur515_RS14145,,,
gene-Saur515_RS08660,,,
gene-Saur515_RS10445,,,
gene-Saur515_RS13495,,,
gene-Saur515_RS06240,,,
gene-Saur515_RS14060,,,
gene-phage515_00201,,,
gene-Saur515_RS13175,,,
gene-Saur515_RS00430,,,
gene-Saur515_RS13545,,,
gene-Saur515_RS06605,,,
gene-Saur515_RS01180,,,
gene-phage515_00187,,,
gene-Saur515_RS13085,,,
gene-Saur515_RS06220,,,
gene-Saur515_RS09750,,,
gene-Saur515_RS08330,,,
gene-Saur515_RS03915,,,
gene-phage515_00155,,,
gene-Saur515_RS04305,,,
gene-Saur515_RS01835,,,
gene-phage515_00144,,,
gene-Saur515_RS08815,,,
gene-Saur515_RS01050,,,
gene-Saur515_RS05965,,,
gene-phage515_00125,,,
gene-Saur515_RS00860,,,
gene-Saur515_RS13855,,,
gene-Saur515_RS09220,,,
gene-Saur515_RS05960,,,
gene-Saur515_RS02905,,,
gene-Saur515_RS10385,,,
gene-Saur515_RS00910,,,
gene-phage515_00033,,,
gene-Saur515_RS01300,,,
gene-Saur515_RS08530,,,
gene-Saur515_RS11305,,,
gene-Saur515_RS13340,,,
gene-Saur515_RS07370,,,
gene-Saur515_RS09055,,,
gene-Saur515_RS10645,,,
gene-Saur515_RS10755,,,
gene-Saur515_RS10055,,,
gene-Saur515_RS07405,,,
gene-Saur515_RS13440,,,
gene-Saur515_RS03380,,,
gene-Saur515_RS10835,,,
gene-Saur515_RS08665,,,
gene-Saur515_RS06350,,,
gene-Saur515_RS01510,,,
gene-Saur515_RS13060,,,
gene-Saur515_RS04090,,,
gene-Saur515_RS06575,,,
gene-Saur515_RS02700,,,
gene-Saur515_RS06635,,,
gene-phage515_00183,,,
gene-Saur515_RS03240,,,
gene-phage515_00179,,,
gene-Saur515_RS11280,,,
gene-Saur515_RS05220,,,
gene-Saur515_RS13865,,,
gene-Saur515_RS08825,,,
gene-Saur515_RS06975,,,
gene-Saur515_RS02580,,,
gene-Saur515_RS14235,,,
gene-Saur515_RS05995,,,
gene-phage515_00107,,,
gene-Saur515_RS12925,,,
gene-Saur515_RS02615,,,
gene-Saur515_RS07265,,,
gene-Saur515_RS05755,,,
gene-Saur515_RS03125,,,
gene-Saur515_RS06110,,,
gene-Saur515_RS02695,,,
gene-Saur515_RS06640,,,
gene-Saur515_RS14310,,,
gene-Saur515_RS13040,,,
gene-Saur515_RS11850,,,
gene-Saur515_RS03135,,,
gene-Saur515_RS07585,,,
gene-Saur515_RS05825,,,
gene-Saur515_RS10640,,,
gene-Saur515_RS08125,,,
gene-Saur515_RS11970,,,
gene-Saur515_RS07465,,,
gene-Saur515_RS07565,,,
gene-phage515_00214,,,
gene-Saur515_RS11835,,,
gene-Saur515_RS00495,,,
gene-Saur515_RS00940,,,
gene-Saur515_RS03890,,,
gene-Saur515_RS13125,,,
gene-Saur515_RS10090,,,
gene-Saur515_RS05005,,,
gene-Saur515_RS13345,,,
gene-Saur515_RS10860,,,
gene-Saur515_RS13770,,,
gene-Saur515_RS09625,,,
gene-Saur515_RS12655,,,
gene-Saur515_RS11025,,,
gene-Saur515_RS05605,,,
gene-Saur515_RS10800,,,
gene-Saur515_RS12325,,,
gene-Saur515_RS02460,,,
gene-Saur515_RS11920,,,
gene-Saur515_RS05700,,,
gene-Saur515_RS05785,,,
gene-Saur515_RS14020,,,
gene-Saur515_RS07950,,,
gene-Saur515_RS10215,,,
gene-Saur515_RS00670,,,
gene-Saur515_RS01745,,,
gene-Saur515_RS10615,,,
gene-Saur515_RS06150,,,
gene-Saur515_RS05575,,,
gene-Saur515_RS11985,,,
gene-Saur515_RS00180,,,
gene-Saur515_RS09270,,,
gene-Saur515_RS03735,,,
gene-Saur515_RS05760,,,
gene-Saur515_RS12725,,,
gene-Saur515_RS02145,,,
gene-Saur515_RS08595,,,
gene-Saur515_RS05195,,,
gene-Saur515_RS05750,,,
gene-Saur515_RS06435,,,
gene-Saur515_RS09045,,,
gene-Saur515_RS00070,,,
gene-Saur515_RS08100,,,
gene-Saur515_RS05520,,,
gene-Saur515_RS01045,,,
gene-Saur515_RS06380,,,
gene-phage515_00141,,,
gene-Saur515_RS11245,,,
gene-Saur515_RS12310,,,
gene-Saur515_RS04980,,,
gene-Saur515_RS06360,,,
gene-Saur515_RS05685,,,
gene-Saur515_RS01955,,,
gene-Saur515_RS08740,,,
gene-Saur515_RS10885,,,
gene-Saur515_RS06365,,,
gene-phage515_00172,,,
gene-Saur515_RS04780,,,
gene-Saur515_RS13520,,,
gene-phage515_00130,,,
gene-Saur515_RS10075,,,
gene-Saur515_RS13780,,,
gene-Saur515_RS04760,,,
gene-Saur515_RS01585,,,
gene-phage515_00056,,,
gene-Saur515_RS04280,,,
gene-Saur515_RS05535,,,
gene-Saur515_RS02515,,,
gene-Saur515_RS06845,,,
gene-Saur515_RS09100,,,
gene-Saur515_RS01105,,,
gene-Saur515_RS00330,,,
gene-Saur515_RS13295,,,
gene-phage515_00131,,,
gene-Saur515_RS09945,,,
gene-Saur515_RS05720,,,
gene-Saur515_RS01675,,,
gene-Saur515_RS06735,,,
gene-Saur515_RS14250,,,
gene-Saur515_RS04065,,,
gene-Saur515_RS07485,,,
gene-Saur515_RS05850,,,
gene-Saur515_RS13785,,,
gene-phage515_00051,,,
gene-Saur515_RS13135,,,
gene-Saur515_RS07570,,,
gene-Saur515_RS04225,,,
gene-Saur515_RS08270,,,
gene-Saur515_RS01125,,,
gene-Saur515_RS06045,,,
gene-phage515_00203,,,
gene-Saur515_RS05380,,,
gene-Saur515_RS00775,,,
gene-Saur515_RS11225,,,
gene-Saur515_RS01640,,,
gene-Saur515_RS02745,,,
gene-Saur515_RS12435,,,
gene-Saur515_RS09125,,,
gene-Saur515_RS12210,,,
gene-Saur515_RS12440,,,
gene-Saur515_RS08460,,,
gene-phage515_00156,,,
gene-Saur515_RS12965,,,
gene-Saur515_RS11935,,,
gene-Saur515_RS09385,,,
gene-Saur515_RS08035,,,
gene-Saur515_RS06505,,,
gene-Saur515_RS11165,,,
gene-Saur515_RS01195,,,
gene-Saur515_RS07065,,,
gene-Saur515_RS04655,,,
gene-Saur515_RS04875,,,
gene-Saur515_RS09695,,,
gene-Saur515_RS03955,,,
gene-Saur515_RS07380,,,
gene-Saur515_RS00550,,,
gene-Saur515_RS12945,,,
gene-Saur515_RS03470,,,
gene-Saur515_RS03845,,,
gene-Saur515_RS11555,,,
gene-Saur515_RS06345,,,
gene-Saur515_RS10100,,,
gene-Saur515_RS05910,,,
gene-Saur515_RS01145,,,
gene-phage515_00149,,,
gene-Saur515_RS12750,,,
gene-Saur515_RS13995,,,
gene-Saur515_RS11410,,,
gene-Saur515_RS02750,,,
gene-Saur515_RS09995,,,
gene-Saur515_RS11055,,,
gene-Saur515_RS06970,,,
gene-Saur515_RS09340,,,
gene-Saur515_RS06895,,,
gene-Saur515_RS04080,,,
gene-Saur515_RS04635,,,
gene-Saur515_RS14280,,,
gene-Saur515_RS08535,,,
gene-Saur515_RS05190,,,
gene-Saur515_RS02340,,,
gene-Saur515_RS02015,,,
gene-Saur515_RS14335,,,
gene-Saur515_RS02525,,,
gene-Saur515_RS05590,,,
gene-Saur515_RS10625,,,
gene-Saur515_RS02910,,,
gene-Saur515_RS01320,,,
gene-phage515_00213,,,
gene-Saur515_RS10460,,,
gene-Saur515_RS11680,,,
gene-Saur515_RS09265,,,
gene-Saur515_RS12735,,,
gene-Saur515_RS01335,,,
gene-Saur515_RS04055,,,
gene-Saur515_RS08505,,,
gene-Saur515_RS08690,,,
gene-Saur515_RS07430,,,
gene-Saur515_RS12775,,,
gene-Saur515_RS03120,,,
gene-Saur515_RS12415,,,
gene-Saur515_RS01210,,,
gene-phage515_00110,,,
gene-Saur515_RS11065,,,
gene-Saur515_RS02565,,,
gene-Saur515_RS00405,,,
gene-Saur515_RS01665,,,
gene-Saur515_RS12755,,,
gene-Saur515_RS03265,,,
gene-phage515_00228,,,
gene-Saur515_RS02270,,,
gene-Saur515_RS10370,,,
gene-Saur515_RS09860,,,
gene-Saur515_RS06515,,,
gene-Saur515_RS03695,,,
gene-Saur515_RS10590,,,
gene-Saur515_RS07310,,,
gene-Saur515_RS05385,,,
gene-Saur515_RS05160,,,
gene-phage515_00159,,,
gene-Saur515_RS09590,,,
gene-Saur515_RS01625,,,
gene-Saur515_RS01820,,,
gene-phage515_00168,,,
gene-Saur515_RS08750,,,
gene-Saur515_RS11335,,,
gene-Saur515_RS00305,,,
gene-Saur515_RS11840,,,
gene-Saur515_RS13690,,,
gene-phage515_00025,,,
gene-Saur515_RS10375,,,
gene-Saur515_RS07140,,,
gene-Saur515_RS04385,,,
gene-Saur515_RS08030,,,
gene-Saur515_RS07385,,,
gene-Saur515_RS12175,,,
gene-Saur515_RS03040,,,
gene-Saur515_RS08280,,,
gene-Saur515_RS06025,,,
gene-phage515_00075,,,
gene-Saur515_RS05830,,,
gene-Saur515_RS04775,,,
gene-Saur515_RS01175,,,
gene-Saur515_RS07155,,,
gene-Saur515_RS02080,,,
gene-Saur515_RS11060,,,
gene-Saur515_RS10560,,,
gene-Saur515_RS13230,,,
gene-Saur515_RS06475,,,
gene-Saur515_RS00690,,,
gene-Saur515_RS07055,,,
gene-Saur515_RS08110,,,
gene-Saur515_RS08410,,,
gene-Saur515_RS00695,,,
gene-Saur515_RS10630,,,
gene-Saur515_RS06985,,,
gene-Saur515_RS10875,,,
gene-Saur515_RS02050,,,
gene-Saur515_RS08880,,,
gene-Saur515_RS07620,,,
gene-Saur515_RS09885,,,
gene-Saur515_RS03880,,,
gene-Saur515_RS05540,,,
gene-Saur515_RS06015,,,
gene-Saur515_RS11520,,,
gene-Saur515_RS13090,,,
gene-Saur515_RS13695,,,
gene-Saur515_RS05655,,,
gene-Saur515_RS12020,,,
gene-Saur515_RS10120,,,
gene-phage515_00169,,,
gene-Saur515_RS05390,,,
gene-phage515_00108,,,
gene-Saur515_RS11785,,,
gene-Saur515_RS09535,,,
gene-Saur515_RS14185,,,
gene-Saur515_RS11990,,,
gene-phage515_00082,,,
gene-Saur515_RS06850,,,
gene-phage515_00189B,,,
gene-Saur515_RS00095,,,
gene-Saur515_RS04160,,,
gene-Saur515_RS08070,,,
gene-Saur515_RS02320,,,
gene-Saur515_RS00445,,,
gene-Saur515_RS06700,,,
gene-Saur515_RS10910,,,
gene-Saur515_RS02160,,,
gene-Saur515_RS05415,,,
gene-Saur515_RS11905,,,
gene-phage515_00148,,,
gene-Saur515_RS01720,,,
gene-Saur515_RS05140,,,
gene-Saur515_RS08325,,,
gene-phage515_00154,,,
gene-Saur515_RS12975,,,
gene-Saur515_RS13525,,,
gene-Saur515_RS13100,,,
gene-Saur515_RS00285,,,
gene-Saur515_RS07670,,,
gene-Saur515_RS05295,,,
gene-Saur515_RS14010,,,
gene-Saur515_RS10065,,,
gene-Saur515_RS02555,,,
gene-Saur515_RS12590,,,
gene-Saur515_RS01360,,,
gene-Saur515_RS04370,,,
gene-Saur515_RS04825,,,
gene-Saur515_RS01315,,,
gene-Saur515_RS06690,,,
gene-Saur515_RS10035,,,
gene-phage515_00013,,,
gene-Saur515_RS03910,,,
gene-Saur515_RS11675,,,
gene-Saur515_RS03780,,,
gene-Saur515_RS10350,,,
gene-Saur515_RS05420,,,
gene-Saur515_RS09915,,,
gene-Saur515_RS05165,,,
gene-Saur515_RS06180,,,
gene-Saur515_RS13810,,,
gene-Saur515_RS04700,,,
gene-Saur515_RS07805,,,
gene-Saur515_RS07120,,,
gene-Saur515_RS03770,,,
gene-Saur515_RS12895,,,
gene-Saur515_RS09455,,,
gene-Saur515_RS04960,,,
gene-Saur515_RS08345,,,
gene-Saur515_RS11810,,,
gene-Saur515_RS12670,,,
gene-Saur515_RS06375,,,
gene-Saur515_RS08200,,,
gene-Saur515_RS04740,,,
gene-Saur515_RS03905,,,
gene-Saur515_RS13255,,,
gene-Saur515_RS06065,,,
gene-phage515_00193,,,
gene-Saur515_RS08255,,,
gene-Saur515_RS04630,,,
gene-Saur515_RS12825,,,
gene-Saur515_RS07060,,,
gene-Saur515_RS00035,,,
gene-Saur515_RS08135,,,
gene-Saur515_RS03070,,,
gene-Saur515_RS02335,,,
gene-phage515_00031,,,
gene-phage515_00127,,,
gene-Saur515_RS02170,,,
gene-Saur515_RS04455,,,
gene-Saur515_RS11045,,,
gene-Saur515_RS06695,,,
gene-Saur515_RS05765,,,
gene-Saur515_RS11585,,,
gene-Saur515_RS00135,,,
gene-Saur515_RS11535,,,
gene-Saur515_RS06510,,,
gene-Saur515_RS02740,,,
gene-Saur515_RS01115,,,
gene-phage515_00132,,,
gene-Saur515_RS03130,,,
gene-Saur515_RS11310,,,
gene-Saur515_RS06135,,,
gene-Saur515_RS08005,,,
gene-Saur515_RS12155,,,
gene-Saur515_RS10480,,,
gene-Saur515_RS12390,,,
gene-Saur515_RS12275,,,
gene-Saur515_RS09260,,,
gene-Saur515_RS09050,,,
gene-Saur515_RS04550,,,
gene-Saur515_RS07135,,,
gene-Saur515_RS01740,,,
gene-Saur515_RS11435,,,
gene-Saur515_RS10935,,,
gene-Saur515_RS09865,,,
gene-Saur515_RS10355,,,
gene-Saur515_RS10220,,,
gene-Saur515_RS04860,,,
gene-Saur515_RS10300,,,
gene-phage515_00200,,,
gene-Saur515_RS11035,,,
gene-Saur515_RS02885,,,
gene-Saur515_RS01815,,,
gene-Saur515_RS00110,,,
gene-Saur515_RS08710,,,
gene-Saur515_RS03015,,,
gene-Saur515_RS12475,,,
gene-Saur515_RS10150,,,
gene-Saur515_RS14040,,,
gene-Saur515_RS13465,,,
gene-Saur515_RS13065,,,
gene-Saur515_RS10825,,,
gene-Saur515_RS12820,,,
gene-Saur515_RS01960,,,
gene-Saur515_RS04965,,,
gene-Saur515_RS01710,,,
gene-phage515_00093,,,
gene-Saur515_RS03430,,,
gene-Saur515_RS03830,,,
gene-Saur515_RS11595,,,
gene-Saur515_RS00875,,,
gene-Saur515_RS06490,,,
gene-Saur515_RS07255,,,
gene-Saur515_RS02950,,,
gene-Saur515_RS12565,,,
gene-Saur515_RS06625,,,
gene-Saur515_RS09870,,,
gene-phage515_00014,,,
gene-Saur515_RS10570,,,
gene-Saur515_RS01340,,,
gene-Saur515_RS10525,,,
gene-Saur515_RS09720,,,
gene-phage515_00134,,,
gene-Saur515_RS08290,,,
gene-phage515_00071,,,
gene-Saur515_RS09785,,,
gene-Saur515_RS12885,,,
gene-Saur515_RS13190,,,
gene-Saur515_RS06680,,,
gene-Saur515_RS03625,,,
gene-phage515_00090,,,
gene-Saur515_RS06175,,,
gene-Saur515_RS05670,,,
gene-Saur515_RS12660,,,
gene-Saur515_RS08725,,,
gene-Saur515_RS13000,,,
gene-Saur515_RS05340,,,
gene-Saur515_RS10405,,,
gene-Saur515_RS04310,,,
gene-Saur515_RS13305,,,
gene-Saur515_RS10785,,,
gene-Saur515_RS06115,,,
gene-Saur515_RS09230,,,
gene-Saur515_RS06565,,,
gene-Saur515_RS10685,,,
gene-Saur515_RS14270,,,
gene-phage515_00082A,,,
gene-Saur515_RS07050,,,
gene-Saur515_RS09575,,,
gene-phage515_00122,,,
gene-Saur515_RS06100,,,
gene-Saur515_RS08510,,,
gene-Saur515_RS14205,,,
gene-Saur515_RS04595,,,
gene-Saur515_RS08560,,,
gene-Saur515_RS06865,,,
gene-phage515_00115,,,
gene-Saur515_RS01920,,,
gene-Saur515_RS02650,,,
gene-Saur515_RS01150,,,
gene-Saur515_RS04420,,,
gene-Saur515_RS11775,,,
gene-Saur515_RS02705,,,
gene-Saur515_RS03390,,,
gene-Saur515_RS11575,,,
gene-Saur515_RS05770,,,
gene-Saur515_RS11805,,,
gene-Saur515_RS08000,,,
gene-Saur515_RS06710,,,
gene-Saur515_RS05440,,,
gene-Saur515_RS08240,,,
gene-Saur515_RS00735,,,
gene-Saur515_RS13280,,,
gene-Saur515_RS05410,,,
gene-phage515_00217,,,
gene-Saur515_RS14330,,,
gene-Saur515_RS06425,,,
gene-Saur515_RS08440,,,
gene-Saur515_RS14160,,,
gene-Saur515_RS00840,,,
gene-Saur515_RS03655,,,
gene-Saur515_RS14125,,,
gene-Saur515_RS04365,,,
gene-Saur515_RS14015,,,
gene-Saur515_RS00650,,,
gene-Saur515_RS01080,,,
gene-Saur515_RS05885,,,
gene-Saur515_RS12240,,,
gene-phage515_00174,,,
gene-Saur515_RS11565,,,
gene-phage515_00198,,,
gene-Saur515_RS12490,,,
gene-Saur515_RS00395,,,
gene-Saur515_RS01875,,,
gene-Saur515_RS13725,,,
gene-Saur515_RS11495,,,
gene-Saur515_RS10980,,,
gene-Saur515_RS03950,,,
gene-Saur515_RS10575,,,
gene-Saur515_RS07320,,,
gene-Saur515_RS11285,,,
gene-Saur515_RS12085,,,
gene-Saur515_RS13080,,,
gene-Saur515_RS12315,,,
gene-Saur515_RS09875,,,
gene-Saur515_RS10930,,,
gene-Saur515_RS03640,,,
gene-Saur515_RS07025,,,
gene-Saur515_RS06660,,,
gene-Saur515_RS01545,,,
gene-Saur515_RS01965,,,
gene-Saur515_RS01770,,,
gene-Saur515_RS06785,,,
gene-Saur515_RS08475,,,
gene-Saur515_RS13200,,,
gene-Saur515_RS09315,,,
gene-Saur515_RS06170,,,
gene-Saur515_RS09360,,,
gene-Saur515_RS03420,,,
gene-Saur515_RS09760,,,
gene-Saur515_RS06650,,,
gene-Saur515_RS01405,,,
gene-Saur515_RS09145,,,
gene-Saur515_RS10425,,,
gene-Saur515_RS09815,,,
gene-Saur515_RS01010,,,
gene-phage515_00146,,,
gene-Saur515_RS08860,,,
gene-Saur515_RS07225,,,
gene-Saur515_RS04465,,,
gene-Saur515_RS06910,,,
gene-Saur515_RS00425,,,
gene-Saur515_RS09165,,,
gene-Saur515_RS13665,,,
gene-Saur515_RS05915,,,
gene-Saur515_RS09825,,,
gene-Saur515_RS07920,,,
gene-Saur515_RS03860,,,
gene-phage515_00083,,,
gene-Saur515_RS02865,,,
gene-Saur515_RS00515,,,
gene-Saur515_RS10655,,,
gene-Saur515_RS11725,,,
gene-Saur515_RS13410,,,
gene-Saur515_RS10900,,,
gene-Saur515_RS13920,,,
gene-Saur515_RS03985,,,
gene-Saur515_RS03785,,,
gene-Saur515_RS08415,,,
gene-Saur515_RS08400,,,
gene-Saur515_RS14035,,,
gene-phage515_00211,,,
gene-Saur515_RS07230,,,
gene-Saur515_RS07790,,,
gene-Saur515_RS10830,,,
gene-Saur515_RS02755,,,
gene-Saur515_RS02005,,,
gene-Saur515_RS04925,,,
gene-Saur515_RS08555,,,
gene-Saur515_RS06305,,,
gene-Saur515_RS12795,,,
gene-Saur515_RS13150,,,
gene-Saur515_RS12650,,,
gene-Saur515_RS03210,,,
gene-Saur515_RS11395,,,
gene-Saur515_RS09680,,,
gene-Saur515_RS02155,,,
gene-Saur515_RS06160,,,
gene-Saur515_RS06870,,,
gene-Saur515_RS05680,,,
gene-Saur515_RS02410,,,
gene-Saur515_RS07075,,,
gene-Saur515_RS14300,,,
gene-Saur515_RS07240,,,
gene-Saur515_RS05335,,,
gene-Saur515_RS08955,,,
gene-Saur515_RS04395,,,
gene-Saur515_RS03505,,,
gene-Saur515_RS11145,,,
gene-Saur515_RS05075,,,
gene-Saur515_RS01345,,,
gene-Saur515_RS13405,,,
gene-Saur515_RS07160,,,
gene-Saur515_RS02220,,,
gene-Saur515_RS03900,,,
gene-Saur515_RS11290,,,
gene-Saur515_RS03680,,,
gene-Saur515_RS00015,,,
gene-Saur515_RS03725,,,
gene-Saur515_RS09115,,,
gene-Saur515_RS12095,,,
gene-Saur515_RS02310,,,
gene-phage515_00158,,,
gene-Saur515_RS10855,,,
gene-Saur515_RS08720,,,
gene-Saur515_RS06105,,,
gene-Saur515_RS03945,,,
gene-Saur515_RS02995,,,
gene-Saur515_RS00350,,,
gene-Saur515_RS13540,,,
gene-phage515_00054,,,
gene-Saur515_RS02945,,,
gene-Saur515_RS00820,,,
gene-Saur515_RS12345,,,
gene-Saur515_RS10915,,,
gene-Saur515_RS06755,,,
gene-Saur515_RS10670,,,
gene-phage515_00012,,,
gene-Saur515_RS10540,,,
gene-Saur515_RS07695,,,
gene-Saur515_RS12015,,,
gene-Saur515_RS11685,,,
gene-Saur515_RS07350,,,
gene-Saur515_RS03565,,,
gene-Saur515_RS11380,,,
gene-Saur515_RS04935,,,
gene-Saur515_RS00105,,,
gene-Saur515_RS06500,,,
gene-Saur515_RS10340,,,
gene-Saur515_RS01700,,,
gene-phage515_00049,,,
gene-Saur515_RS07735,,,
gene-Saur515_RS10870,,,
gene-Saur515_RS09445,,,
gene-Saur515_RS11650,,,
gene-phage515_00084,,,
gene-Saur515_RS09290,,,
gene-Saur515_RS11760,,,
gene-Saur515_RS08215,,,
gene-Saur515_RS10200,,,
gene-Saur515_RS08765,,,
gene-Saur515_RS09070,,,
gene-Saur515_RS02520,,,
gene-Saur515_RS02940,,,
gene-phage515_00232,,,
gene-Saur515_RS11340,,,
gene-Saur515_RS00385,,,
gene-Saur515_RS13485,,,
gene-Saur515_RS09690,,,
gene-phage515_00018,,,
gene-Saur515_RS03710,,,
gene-Saur515_RS14475,,,
gene-Saur515_RS14375,,,
gene-Saur515_RS11490,,,
gene-Saur515_RS02535,,,
gene-Saur515_RS05525,,,
gene-phage515_00234,,,
gene-Saur515_RS01950,,,
gene-Saur515_RS10415,,,
gene-phage515_00011,,,
gene-Saur515_RS05205,,,
gene-Saur515_RS05840,,,
gene-Saur515_RS07515,,,
gene-Saur515_RS02075,,,
gene-Saur515_RS07890,,,
gene-Saur515_RS07235,,,
gene-Saur515_RS02800,,,
gene-Saur515_RS08960,,,
gene-Saur515_RS05175,,,
gene-Saur515_RS09950,,,
gene-Saur515_RS12450,,,
gene-Saur515_RS11105,,,
gene-Saur515_RS06320,,,
gene-Saur515_RS06805,,,
gene-Saur515_RS12600,,,
gene-Saur515_RS00855,,,
gene-Saur515_RS00230,,,
gene-Saur515_RS08800,,,
gene-phage515_00072,,,
gene-Saur515_RS00225,,,
gene-Saur515_RS01140,,,
gene-phage515_00142,,,
gene-Saur515_RS12115,,,
gene-Saur515_RS10410,,,
gene-Saur515_RS00315,,,
gene-Saur515_RS09735,,,
gene-Saur515_RS09610,,,
gene-Saur515_RS03405,,,
gene-Saur515_RS06495,,,
gene-Saur515_RS10250,,,
gene-Saur515_RS09195,,,
gene-Saur515_RS09300,,,
gene-Saur515_RS04190,,,
gene-Saur515_RS03190,,,
gene-Saur515_RS13185,,,
gene-Saur515_RS11350,,,
gene-Saur515_RS14240,,,
gene-Saur515_RS07980,,,
gene-Saur515_RS10135,,,
gene-Saur515_RS08855,,,
gene-Saur515_RS03715,,,
gene-Saur515_RS01230,,,
gene-Saur515_RS00955,,,
gene-Saur515_RS08985,,,
gene-Saur515_RS04745,,,
gene-Saur515_RS00865,,,
gene-Saur515_RS00030,,,
gene-Saur515_RS06780,,,
gene-Saur515_RS02625,,,
gene-Saur515_RS11235,,,
gene-Saur515_RS12245,,,
gene-Saur515_RS11930,,,
gene-Saur515_RS12855,,,
gene-Saur515_RS07280,,,
gene-Saur515_RS05210,,,
gene-Saur515_RS03850,,,
gene-Saur515_RS05250,,,
gene-Saur515_RS14155,,,
gene-phage515_00043,,,
gene-Saur515_RS05255,,,
gene-Saur515_RS08570,,,
gene-Saur515_RS04155,,,
gene-Saur515_RS05610,,,
gene-phage515_00096,,,
gene-Saur515_RS08550,,,
gene-Saur515_RS10395,,,
gene-Saur515_RS00220,,,
gene-Saur515_RS04510,,,
gene-phage515_00048,,,
gene-Saur515_RS04015,,,
gene-Saur515_RS02455,,,
gene-Saur515_RS08805,,,
gene-Saur515_RS00190,,,
gene-Saur515_RS10995,,,
gene-Saur515_RS11470,,,
gene-Saur515_RS07680,,,
gene-Saur515_RS12380,,,
gene-Saur515_RS12575,,,
gene-Saur515_RS11735,,,
gene-Saur515_RS00970,,,
gene-Saur515_RS01695,,,
gene-Saur515_RS02115,,,
gene-Saur515_RS14130,,,
gene-Saur515_RS04095,,,
gene-Saur515_RS02225,,,
gene-Saur515_RS03790,,,
gene-Saur515_RS11750,,,
gene-Saur515_RS00195,,,
gene-Saur515_RS13965,,,
gene-Saur515_RS03720,,,
gene-Saur515_RS13505,,,
gene-Saur515_RS03630,,,
gene-Saur515_RS03700,,,
gene-Saur515_RS01705,,,
gene-Saur515_RS02010,,,
gene-Saur515_RS03340,,,
gene-Saur515_RS08425,,,
gene-Saur515_RS05245,,,
gene-Saur515_RS13105,,,
gene-Saur515_RS01450,,,
gene-Saur515_RS13240,,,
gene-Saur515_RS02140,,,
gene-Saur515_RS08925,,,
gene-Saur515_RS11100,,,
gene-Saur515_RS09310,,,
gene-Saur515_RS04885,,,
gene-Saur515_RS12180,,,
gene-Saur515_RS00090,,,
gene-Saur515_RS10545,,,
gene-Saur515_RS01250,,,
gene-Saur515_RS11525,,,
gene-Saur515_RS01870,,,
gene-phage515_00078,,,
gene-Saur515_RS10115,,,
gene-Saur515_RS05860,,,
gene-Saur515_RS03800,,,
gene-Saur515_RS10680,,,
gene-Saur515_RS10040,,,
gene-Saur515_RS06285,,,
gene-Saur515_RS09330,,,
gene-Saur515_RS14480,,,
gene-Saur515_RS10510,,,
gene-Saur515_RS09355,,,
gene-Saur515_RS05595,,,
gene-Saur515_RS02820,,,
gene-Saur515_RS12485,,,
gene-Saur515_RS06840,,,
gene-phage515_00106,,,
gene-Saur515_RS05150,,,
gene-Saur515_RS02125,,,
gene-Saur515_RS07425,,,
gene-Saur515_RS07855,,,
gene-Saur515_RS06000,,,
gene-Saur515_RS04990,,,
gene-Saur515_RS02600,,,
gene-phage515_00145,,,
gene-Saur515_RS07330,,,
gene-Saur515_RS06860,,,
gene-Saur515_RS08465,,,
gene-Saur515_RS00325,,,
gene-Saur515_RS06655,,,
gene-Saur515_RS06615,,,
gene-Saur515_RS08520,,,
gene-Saur515_RS04100,,,
gene-Saur515_RS02300,,,
gene-Saur515_RS05470,,,
gene-Saur515_RS01635,,,
gene-Saur515_RS08995,,,
gene-Saur515_RS05350,,,
gene-Saur515_RS08185,,,
gene-Saur515_RS09665,,,
gene-Saur515_RS03205,,,
gene-Saur515_RS05490,,,
gene-Saur515_RS01970,,,
gene-Saur515_RS10450,,,
gene-Saur515_RS14425,,,
gene-Saur515_RS12570,,,
gene-Saur515_RS14200,,,
gene-Saur515_RS10050,,,
gene-Saur515_RS12540,,,
gene-Saur515_RS06745,,,
gene-Saur515_RS06330,,,
gene-Saur515_RS08930,,,
gene-Saur515_RS07200,,,
gene-Saur515_RS07635,,,
gene-Saur515_RS04375,,,
gene-Saur515_RS00900,,,
gene-Saur515_RS09175,,,
gene-Saur515_RS07420,,,
gene-Saur515_RS07800,,,
gene-Saur515_RS10695,,,
gene-Saur515_RS05310,,,
gene-Saur515_RS07105,,,
gene-Saur515_RS01395,,,
gene-Saur515_RS06195,,,
gene-Saur515_RS04270,,,
gene-Saur515_RS00660,,,
gene-Saur515_RS03355,,,
gene-Saur515_RS01325,,,
gene-Saur515_RS03090,,,
gene-Saur515_RS07290,,,
gene-phage515_00212,,,
gene-Saur515_RS12905,,,
gene-Saur515_RS13880,,,
gene-Saur515_RS13380,,,
gene-Saur515_RS08910,,,
gene-Saur515_RS11425,,,
gene-Saur515_RS06725,,,
gene-Saur515_RS01805,,,
gene-Saur515_RS04695,,,
gene-Saur515_RS09650,,,
gene-Saur515_RS08435,,,
gene-Saur515_RS02205,,,
gene-Saur515_RS04405,,,
gene-Saur515_RS09400,,,
gene-Saur515_RS00535,,,
gene-Saur515_RS07590,,,
gene-Saur515_RS05320,,,
gene-Saur515_RS00890,,,
gene-Saur515_RS03235,,,
gene-Saur515_RS08150,,,
gene-Saur515_RS12875,,,
gene-Saur515_RS02785,,,
gene-Saur515_RS04140,,,
gene-Saur515_RS00935,,,
gene-phage515_00035,,,
gene-Saur515_RS13600,,,
gene-Saur515_RS07905,,,
gene-Saur515_RS13245,,,
gene-phage515_00086,,,
gene-Saur515_RS10125,,,
gene-Saur515_RS07005,,,
gene-Saur515_RS10790,,,
gene-phage515_00029,,,
gene-Saur515_RS05355,,,
gene-Saur515_RS00040,,,
gene-Saur515_RS07190,,,
gene-Saur515_RS03840,,,
gene-Saur515_RS12920,,,
gene-Saur515_RS11010,,,
gene-Saur515_RS10470,,,
gene-Saur515_RS10195,,,
gene-Saur515_RS10255,,,
gene-Saur515_RS03225,,,
gene-Saur515_RS03180,,,
gene-Saur515_RS00050,,,
gene-Saur515_RS05060,,,
gene-Saur515_RS00370,,,
gene-Saur515_RS12395,,,
gene-Saur515_RS10435,,,
gene-Saur515_RS03835,,,
gene-Saur515_RS10440,,,
gene-Saur515_RS12405,,,
gene-Saur515_RS08295,,,
gene-Saur515_RS00265,,,
gene-Saur515_RS11015,,,
gene-Saur515_RS05230,,,
gene-Saur515_RS12140,,,
gene-Saur515_RS05110,,,
gene-phage515_00178,,,
gene-Saur515_RS12805,,,
gene-Saur515_RS01290,,,
gene-Saur515_RS01470,,,
gene-Saur515_RS12410,,,
gene-Saur515_RS12880,,,
gene-Saur515_RS11220,,,
gene-Saur515_RS05185,,,
gene-Saur515_RS12060,,,
gene-Saur515_RS08430,,,
gene-Saur515_RS11155,,,
gene-Saur515_RS10650,,,
gene-Saur515_RS12065,,,
gene-Saur515_RS07915,,,
gene-Saur515_RS05290,,,
gene-Saur515_RS06230,,,
gene-Saur515_RS12160,,,
gene-Saur515_RS13480,,,
gene-Saur515_RS13375,,,
gene-Saur515_RS11700,,,
gene-Saur515_RS09955,,,
gene-Saur515_RS12225,,,
gene-Saur515_RS04035,,,
gene-Saur515_RS04610,,,
gene-Saur515_RS10190,,,
gene-Saur515_RS00165,,,
gene-Saur515_RS09925,,,
gene-Saur515_RS09130,,,
gene-Saur515_RS14090,,,
gene-Saur515_RS12290,,,
gene-Saur515_RS08450,,,
gene-Saur515_RS05460,,,
gene-Saur515_RS11030,,,
gene-Saur515_RS13455,,,
gene-Saur515_RS05330,,,
gene-Saur515_RS04030,,,
gene-phage515_00065,,,
gene-Saur515_RS12730,,,
gene-Saur515_RS04540,,,
gene-Saur515_RS12495,,,
gene-Saur515_RS13170,,,
gene-Saur515_RS00905,,,
gene-Saur515_RS11885,,,
gene-Saur515_RS10010,,,
gene-Saur515_RS07975,,,
gene-Saur515_RS01850,,,
gene-phage515_00027,,,
gene-Saur515_RS00605,,,
gene-phage515_00007,,,
gene-Saur515_RS06830,,,
gene-Saur515_RS12690,,,
gene-Saur515_RS09490,,,
gene-Saur515_RS11075,,,
gene-Saur515_RS14140,,,
gene-Saur515_RS06800,,,
gene-phage515_00060,,,
gene-Saur515_RS13355,,,
gene-Saur515_RS13515,,,
gene-Saur515_RS06130,,,
gene-Saur515_RS04110,,,
gene-Saur515_RS14095,,,
gene-phage515_00207,,,
gene-Saur515_RS13535,,,
gene-Saur515_RS06095,,,
gene-Saur515_RS10320,,,
gene-Saur515_RS07210,,,
gene-Saur515_RS06760,,,
gene-Saur515_RS05645,,,
gene-Saur515_RS03035,,,
gene-Saur515_RS13685,,,
gene-Saur515_RS10210,,,
gene-Saur515_RS10775,,,
gene-Saur515_RS08770,,,
gene-phage515_00189A,,,
gene-Saur515_RS10600,,,
gene-Saur515_RS02530,,,
gene-Saur515_RS09470,,,
gene-Saur515_RS08900,,,
gene-Saur515_RS02710,,,
gene-phage515_00098,,,
gene-Saur515_RS08585,,,
gene-Saur515_RS07940,,,
gene-Saur515_RS08980,,,
gene-Saur515_RS01650,,,
gene-Saur515_RS13915,,,
gene-Saur515_RS02415,,,
gene-Saur515_RS13050,,,
gene-Saur515_RS01860,,,
gene-phage515_00032,,,
gene-Saur515_RS03745,,,
gene-Saur515_RS09895,,,
gene-Saur515_RS01455,,,
gene-Saur515_RS13140,,,
gene-Saur515_RS00170,,,
gene-Saur515_RS02680,,,
gene-Saur515_RS09255,,,
gene-Saur515_RS03500,,,
gene-Saur515_RS08170,,,
gene-phage515_00202,,,
gene-Saur515_RS05235,,,
gene-Saur515_RS11160,,,
gene-Saur515_RS07070,,,
gene-phage515_00199,,,
gene-Saur515_RS02355,,,
gene-Saur515_RS12950,,,
gene-Saur515_RS08365,,,
gene-Saur515_RS09480,,,
gene-Saur515_RS06555,,,
gene-Saur515_RS02345,,,
gene-Saur515_RS01690,,,
gene-Saur515_RS01555,,,
gene-Saur515_RS05620,,,
gene-Saur515_RS00055,,,
gene-Saur515_RS03300,,,
gene-Saur515_RS10940,,,
gene-Saur515_RS08300,,,
gene-Saur515_RS04945,,,
gene-Saur515_RS05120,,,
gene-Saur515_RS05020,,,
gene-Saur515_RS08230,,,
gene-Saur515_RS03645,,,
gene-Saur515_RS11795,,,
gene-Saur515_RS03335,,,
gene-Saur515_RS03170,,,
gene-Saur515_RS05345,,,
gene-Saur515_RS05050,,,
gene-Saur515_RS04325,,,
gene-Saur515_RS03485,,,
gene-Saur515_RS14390,,,
gene-Saur515_RS09820,,,
gene-Saur515_RS07175,,,
gene-Saur515_RS13620,,,
gene-Saur515_RS01600,,,
gene-Saur515_RS03540,,,
gene-Saur515_RS07180,,,
gene-phage515_00097,,,
gene-Saur515_RS13630,,,
gene-Saur515_RS12480,,,
gene-Saur515_RS00810,,,
gene-Saur515_RS04895,,,
gene-Saur515_RS12305,,,
gene-Saur515_RS11960,,,
gene-Saur515_RS12100,,,
gene-Saur515_RS06190,,,
gene-Saur515_RS02370,,,
gene-phage515_00220,,,
gene-Saur515_RS11820,,,
gene-Saur515_RS11125,,,
gene-Saur515_RS01265,,,
gene-phage515_00042,,,
gene-phage515_00089A,,,
gene-phage515_00119,,,
gene-Saur515_RS04290,,,
gene-Saur515_RS01845,,,
gene-Saur515_RS02675,,,
gene-Saur515_RS04105,,,
gene-Saur515_RS01685,,,
gene-Saur515_RS08020,,,
gene-Saur515_RS00720,,,
gene-Saur515_RS13955,,,
gene-Saur515_RS10080,,,
gene-Saur515_RS12340,,,
gene-Saur515_RS02545,,,
gene-Saur515_RS01220,,,
gene-Saur515_RS12835,,,
gene-Saur515_RS12830,,,
gene-Saur515_RS10060,,,
gene-Saur515_RS03000,,,
gene-Saur515_RS04830,,,
gene-Saur515_RS09365,,,
gene-Saur515_RS00020,,,
gene-Saur515_RS02045,,,
gene-Saur515_RS03525,,,
gene-Saur515_RS14150,,,
gene-Saur515_RS13900,,,
gene-Saur515_RS10580,,,
gene-Saur515_RS09370,,,
gene-Saur515_RS09770,,,
gene-Saur515_RS09180,,,
gene-Saur515_RS06630,,,
gene-Saur515_RS05740,,,
gene-Saur515_RS10905,,,
gene-Saur515_RS05425,,,
gene-Saur515_RS03930,,,
gene-Saur515_RS05890,,,
gene-Saur515_RS05025,,,
gene-Saur515_RS07195,,,
gene-Saur515_RS03095,,,
gene-Saur515_RS10015,,,
gene-Saur515_RS06790,,,
gene-Saur515_RS13335,,,
gene-phage515_00137,,,
gene-phage515_00117,,,
gene-Saur515_RS07595,,,
gene-Saur515_RS12090,,,
gene-Saur515_RS05805,,,
gene-Saur515_RS09990,,,
gene-Saur515_RS04020,,,
gene-Saur515_RS02055,,,
gene-Saur515_RS01025,,,
gene-Saur515_RS01085,,,
gene-Saur515_RS11460,,,
gene-Saur515_RS11390,,,
gene-Saur515_RS12035,,,
gene-Saur515_RS09065,,,
gene-Saur515_RS08650,,,
gene-Saur515_RS12800,,,
gene-Saur515_RS12705,,,
gene-Saur515_RS08315,,,
gene-Saur515_RS04260,,,
gene-Saur515_RS12790,,,
gene-Saur515_RS03195,,,
gene-Saur515_RS04645,,,
gene-Saur515_RS08795,,,
gene-Saur515_RS10990,,,
gene-Saur515_RS02505,,,
gene-Saur515_RS09510,,,
gene-Saur515_RS10270,,,
gene-Saur515_RS05855,,,
gene-Saur515_RS13970,,,
gene-Saur515_RS03820,,,
gene-phage515_00059,,,
gene-Saur515_RS01005,,,
gene-Saur515_RS00950,,,
gene-Saur515_RS10675,,,
gene-Saur515_RS03535,,,
gene-Saur515_RS04335,,,
gene-Saur515_RS04295,,,
gene-Saur515_RS13475,,,
gene-Saur515_RS03330,,,
gene-Saur515_RS11975,,,
gene-Saur515_RS11610,,,
gene-phage515_00113,,,
gene-Saur515_RS00985,,,
gene-Saur515_RS01910,,,
gene-Saur515_RS04605,,,
gene-Saur515_RS11000,,,
gene-Saur515_RS04730,,,
gene-Saur515_RS00710,,,
gene-Saur515_RS04755,,,
gene-Saur515_RS03280,,,
gene-Saur515_RS11325,,,
gene-Saur515_RS03940,,,
gene-Saur515_RS02250,,,
gene-Saur515_RS00215,,,
gene-phage515_00057,,,
gene-Saur515_RS08895,,,
gene-phage515_00055,,,
gene-Saur515_RS01780,,,
gene-Saur515_RS13265,,,
gene-Saur515_RS11130,,,
gene-Saur515_RS05600,,,
gene-Saur515_RS13415,,,
gene-Saur515_RS08225,,,
gene-phage515_00100,,,
gene-Saur515_RS08090,,,
gene-Saur515_RS07300,,,
gene-Saur515_RS05900,,,
gene-Saur515_RS08140,,,
gene-Saur515_RS02360,,,
gene-Saur515_RS08160,,,
gene-phage515_00023,,,
gene-phage515_00129,,,
gene-Saur515_RS08940,,,
gene-Saur515_RS01155,,,
gene-Saur515_RS11980,,,
gene-Saur515_RS01410,,,
gene-Saur515_RS11085,,,
gene-Saur515_RS07645,,,
gene-phage515_00088,,,
gene-Saur515_RS09275,,,
gene-Saur515_RS09185,,,
gene-phage515_00123,,,
gene-Saur515_RS12295,,,
gene-Saur515_RS07245,,,
gene-Saur515_RS09380,,,
gene-phage515_00143,,,
gene-phage515_00227,,,
gene-Saur515_RS05800,,,
gene-Saur515_RS13180,,,
gene-Saur515_RS06310,,,
gene-Saur515_RS03310,,,
gene-phage515_00020,,,
gene-Saur515_RS02690,,,
gene-Saur515_RS03510,,,
gene-Saur515_RS07440,,,
gene-Saur515_RS04570,,,
gene-Saur515_RS06235,,,
gene-Saur515_RS04910,,,
gene-Saur515_RS09240,,,
gene-Saur515_RS07360,,,
gene-Saur515_RS10505,,,
gene-Saur515_RS08480,,,
gene-Saur515_RS12360,,,
gene-Saur515_RS14295,,,
gene-Saur515_RS03585,,,
gene-Saur515_RS04230,,,
gene-Saur515_RS09440,,,
gene-Saur515_RS01885,,,
gene-Saur515_RS01015,,,
gene-Saur515_RS08145,,,
gene-Saur515_RS07545,,,
gene-Saur515_RS08045,,,
gene-Saur515_RS02065,,,
gene-Saur515_RS07810,,,
gene-Saur515_RS05035,,,
gene-Saur515_RS03575,,,
gene-phage515_00192,,,
gene-Saur515_RS07795,,,
gene-Saur515_RS05970,,,
gene-Saur515_RS02980,,,
gene-Saur515_RS02245,,,
gene-Saur515_RS11540,,,
gene-Saur515_RS07875,,,
gene-Saur515_RS03080,,,
gene-Saur515_RS13890,,,
gene-Saur515_RS09570,,,
gene-Saur515_RS12420,,,
gene-Saur515_RS07520,,,
gene-Saur515_RS09900,,,
gene-Saur515_RS11070,,,
gene-Saur515_RS11910,,,
gene-Saur515_RS09305,,,
gene-Saur515_RS07490,,,
gene-Saur515_RS05565,,,
gene-Saur515_RS07625,,,
gene-Saur515_RS07445,,,
gene-Saur515_RS03765,,,
gene-Saur515_RS09325,,,
gene-Saur515_RS12270,,,
gene-Saur515_RS11115,,,
gene-Saur515_RS09015,,,
gene-Saur515_RS02510,,,
gene-Saur515_RS02915,,,
gene-Saur515_RS00160,,,
gene-Saur515_RS05475,,,
gene-Saur515_RS01575,,,
gene-Saur515_RS11190,,,
gene-Saur515_RS04590,,,
gene-Saur515_RS14165,,,
gene-phage515_00050,,,
gene-Saur515_RS08835,,,
gene-Saur515_RS01945,,,
gene-Saur515_RS12280,,,
gene-Saur515_RS04545,,,
gene-Saur515_RS07080,,,
gene-Saur515_RS00620,,,
gene-Saur515_RS04845,,,
gene-phage515_00135,,,
gene-Saur515_RS11365,,,
gene-Saur515_RS08050,,,
gene-Saur515_RS00880,,,
gene-Saur515_RS07615,,,
gene-Saur515_RS05400,,,
gene-Saur515_RS00975,,,
gene-Saur515_RS12025,,,
gene-phage515_00121,,,
gene-phage515_00003,,,
gene-Saur515_RS09800,,,
gene-Saur515_RS08735,,,
gene-phage515_00225,,,
gene-Saur515_RS03255,,,
gene-Saur515_RS04390,,,
gene-Saur515_RS10700,,,
gene-phage515_00009,,,
gene-Saur515_RS06950,,,
gene-Saur515_RS01995,,,
gene-Saur515_RS11175,,,
gene-Saur515_RS14395,,,
gene-Saur515_RS12625,,,
gene-Saur515_RS07540,,,
gene-Saur515_RS11950,,,
gene-Saur515_RS00675,,,
gene-phage515_00196,,,
gene-Saur515_RS12980,,,
gene-Saur515_RS11215,,,
gene-Saur515_RS12370,,,
gene-Saur515_RS04355,,,
gene-Saur515_RS09495,,,
gene-Saur515_RS02450,,,
gene-Saur515_RS00235,,,
gene-Saur515_RS04060,,,
gene-Saur515_RS04625,,,
gene-Saur515_RS09465,,,
gene-Saur515_RS08675,,,
gene-Saur515_RS00270,,,
gene-Saur515_RS00455,,,
gene-phage515_00064,,,
gene-phage515_00195,,,
gene-Saur515_RS00755,,,
gene-Saur515_RS09605,,,
gene-Saur515_RS12040,,,
gene-Saur515_RS09090,,,
gene-Saur515_RS05285,,,
gene-Saur515_RS10690,,,
gene-Saur515_RS09845,,,
gene-Saur515_RS04435,,,
gene-Saur515_RS02085,,,
gene-Saur515_RS08850,,,
gene-Saur515_RS00275,,,
gene-Saur515_RS06070,,,
gene-Saur515_RS12110,,,
gene-Saur515_RS13210,,,
gene-Saur515_RS12170,,,
gene-phage515_00022,,,
gene-phage515_00216,,,
gene-Saur515_RS03290,,,
gene-Saur515_RS10880,,,
gene-Saur515_RS11625,,,
gene-Saur515_RS01000,,,
gene-Saur515_RS13795,,,
gene-Saur515_RS12105,,,
gene-Saur515_RS02610,,,
gene-Saur515_RS07630,,,
gene-Saur515_RS00210,,,
gene-Saur515_RS13605,,,
gene-phage515_00161,,,
gene-phage515_00191,,,
gene-Saur515_RS00590,,,
gene-phage515_00150,,,
gene-Saur515_RS03685,,,
gene-Saur515_RS01285,,,
gene-Saur515_RS10805,,,
gene-Saur515_RS09430,,,
gene-Saur515_RS11550,,,
gene-Saur515_RS12870,,,
gene-Saur515_RS06915,,,
gene-Saur515_RS13675,,,
gene-Saur515_RS14110,,,
gene-Saur515_RS00185,,,
gene-Saur515_RS10225,,,
gene-Saur515_RS09700,,,
gene-Saur515_RS08730,,,
gene-Saur515_RS05735,,,
gene-Saur515_RS12265,,,
gene-Saur515_RS10605,,,
gene-Saur515_RS05935,,,
gene-Saur515_RS03520,,,
gene-Saur515_RS12940,,,
gene-Saur515_RS13820,,,
gene-Saur515_RS11830,,,
gene-Saur515_RS08610,,,
gene-Saur515_RS05630,,,
gene-Saur515_RS05265,,,
gene-Saur515_RS04650,,,
gene-Saur515_RS08405,,,
gene-Saur515_RS08915,,,
gene-Saur515_RS08010,,,
gene-Saur515_RS08285,,,
gene-Saur515_RS08235,,,
gene-Saur515_RS12840,,,
gene-Saur515_RS10750,,,
gene-Saur515_RS13290,,,
gene-Saur515_RS00565,,,
gene-Saur515_RS14055,,,
gene-Saur515_RS13560,,,
gene-Saur515_RS01260,,,
gene-Saur515_RS09675,,,
gene-Saur515_RS06140,,,
gene-Saur515_RS08705,,,
gene-Saur515_RS14370,,,
gene-Saur515_RS07830,,,
gene-phage515_00174A,,,
gene-Saur515_RS10780,,,
gene-Saur515_RS02120,,,
gene-Saur515_RS13645,,,
gene-Saur515_RS03185,,,
gene-Saur515_RS09485,,,
gene-Saur515_RS05775,,,
gene-Saur515_RS10895,,,
gene-phage515_00221,,,
gene-Saur515_RS06050,,,
gene-Saur515_RS13940,,,
gene-Saur515_RS01560,,,
gene-Saur515_RS11870,,,
gene-Saur515_RS03570,,,
gene-Saur515_RS03275,,,
gene-Saur515_RS00595,,,
gene-Saur515_RS12260,,,
gene-phage515_00005,,,
gene-Saur515_RS08095,,,
gene-Saur515_RS10110,,,
gene-Saur515_RS04025,,,
gene-Saur515_RS07090,,,
gene-Saur515_RS02965,,,
gene-Saur515_RS09715,,,
gene-Saur515_RS04070,,,
gene-Saur515_RS04235,,,
gene-Saur515_RS11945,,,
gene-Saur515_RS08945,,,
gene-phage515_00101,,,
gene-Saur515_RS12770,,,
gene-Saur515_RS03965,,,
gene-Saur515_RS06085,,,
gene-Saur515_RS00205,,,
gene-Saur515_RS14445,,,
gene-Saur515_RS03590,,,
gene-Saur515_RS13120,,,
gene-Saur515_RS01135,,,
gene-Saur515_RS07945,,,
gene-Saur515_RS04150,,,
gene-Saur515_RS04985,,,
gene-Saur515_RS06520,,,
gene-Saur515_RS13960,,,
gene-Saur515_RS09970,,,
gene-Saur515_RS06815,,,
gene-Saur515_RS14470,,,
gene-Saur515_RS13585,,,
gene-Saur515_RS08545,,,
gene-Saur515_RS07375,,,
gene-phage515_00166,,,
gene-Saur515_RS04250,,,
gene-Saur515_RS02620,,,
gene-phage515_00089,,,
gene-Saur515_RS06155,,,
gene-Saur515_RS05000,,,
gene-Saur515_RS10770,,,
gene-Saur515_RS09935,,,
gene-Saur515_RS08965,,,
gene-Saur515_RS04430,,,
gene-Saur515_RS11855,,,
gene-Saur515_RS04705,,,
gene-Saur515_RS06325,,,
gene-Saur515_RS04725,,,
gene-Saur515_RS02900,,,
gene-Saur515_RS00845,,,
gene-Saur515_RS08635,,,
gene-Saur515_RS04505,,,
gene-Saur515_RS12150,,,
gene-Saur515_RS06395,,,
gene-Saur515_RS01590,,,
gene-Saur515_RS14030,,,
gene-Saur515_RS08820,,,
gene-Saur515_RS05080,,,
gene-Saur515_RS02095,,,
gene-Saur515_RS07410,,,
gene-Saur515_RS02665,,,
gene-phage515_00164,,,
gene-Saur515_RS05945,,,
gene-Saur515_RS01735,,,
gene-Saur515_RS04475,,,
gene-Saur515_RS03665,,,
gene-Saur515_RS09920,,,
gene-Saur515_RS10205,,,
gene-Saur515_RS06960,,,
gene-Saur515_RS11620,,,
gene-Saur515_RS05200,,,
gene-Saur515_RS13680,,,
gene-Saur515_RS01090,,,
gene-Saur515_RS07745,,,
gene-phage515_00085,,,
gene-Saur515_RS04720,,,
gene-Saur515_RS11120,,,
gene-Saur515_RS10705,,,
gene-Saur515_RS12425,,,
gene-Saur515_RS11605,,,
gene-Saur515_RS04300,,,
gene-Saur515_RS11965,,,
gene-Saur515_RS13925,,,
gene-Saur515_RS07715,,,
gene-Saur515_RS10925,,,
gene-Saur515_RS12560,,,
gene-Saur515_RS00895,,,
gene-Saur515_RS01070,,,
gene-Saur515_RS09600,,,
gene-Saur515_RS11355,,,
gene-phage515_00053,,,
gene-Saur515_RS05650,,,
gene-Saur515_RS01655,,,
gene-Saur515_RS14400,,,
gene-Saur515_RS00465,,,
gene-Saur515_RS09530,,,
gene-Saur515_RS03415,,,
gene-phage515_00040,,,
gene-Saur515_RS12630,,,
gene-Saur515_RS03960,,,
gene-Saur515_RS02365,,,
gene-Saur515_RS03350,,,
gene-Saur515_RS00420,,,
gene-Saur515_RS06165,,,
gene-Saur515_RS05275,,,
gene-Saur515_RS12445,,,
gene-Saur515_RS12215,,,
gene-Saur515_RS11020,,,
gene-Saur515_RS01500,,,
gene-Saur515_RS01985,,,
gene-Saur515_RS06450,,,
gene-Saur515_RS00175,,,
gene-phage515_00139,,,
gene-Saur515_RS05820,,,
gene-Saur515_RS00145,,,
gene-Saur515_RS06290,,,
gene-Saur515_RS14380,,,
gene-Saur515_RS10155,,,
gene-Saur515_RS02560,,,
gene-Saur515_RS00780,,,
gene-Saur515_RS13745,,,
gene-Saur515_RS02485,,,
gene-Saur515_RS11570,,,
gene-Saur515_RS03385,,,
gene-Saur515_RS13115,,,
gene-Saur515_RS04050,,,
gene-Saur515_RS10365,,,
gene-Saur515_RS05155,,,
gene-Saur515_RS13715,,,
gene-Saur515_RS06600,,,
gene-phage515_00041,,,
gene-Saur515_RS13895,,,
gene-phage515_00118,,,
gene-Saur515_RS07845,,,
gene-Saur515_RS08250,,,
gene-Saur515_RS09375,,,
gene-Saur515_RS06705,,,
gene-Saur515_RS01800,,,
gene-Saur515_RS07900,,,
gene-Saur515_RS01475,,,
gene-Saur515_RS04345,,,
gene-Saur515_RS00120,,,
gene-Saur515_RS00340,,,
gene-Saur515_RS00965,,,
gene-Saur515_RS09545,,,
gene-Saur515_RS08335,,,
gene-Saur515_RS06820,,,
gene-phage515_00162,,,
gene-phage515_00182,,,
gene-phage515_00002,,,
gene-phage515_00061,,,
gene-Saur515_RS04800,,,
gene-Saur515_RS00980,,,
gene-Saur515_RS11635,,,
gene-phage515_00224,,,
gene-Saur515_RS14410,,,
gene-Saur515_RS01565,,,
gene-Saur515_RS06775,,,
gene-Saur515_RS03935,,,
gene-Saur515_RS13750,,,
gene-Saur515_RS07470,,,
gene-Saur515_RS02280,,,
gene-Saur515_RS08175,,,
gene-Saur515_RS00685,,,
gene-Saur515_RS13500,,,
gene-Saur515_RS07990,,,
gene-Saur515_RS04500,,,
gene-Saur515_RS02195,,,
gene-Saur515_RS13985,,,
gene-Saur515_RS05215,,,
gene-Saur515_RS05010,,,
