Geneid,0,2.5,5,10,20,30
gene-b0629,,,,,,
gene-b2919,,,,,,
gene-b4301,,,,,,
gene-b3294,,,,,,
gene-b1834,,,,,,
gene-b2189,,,,,,
gene-b0801,,,,,,
gene-b2489,,,,,,
gene-b0606,,,,,,
gene-b2214,,,,,,
gene-b0817,,,,,,
gene-b4769,,,,,,
gene-b0039,,,,,,
gene-b4392,,,,,,
gene-b3607,,,,,,
gene-b4814,,,,,,
gene-b0939,,,,,,
gene-b0322,,,,,,
gene-b4554,,,,,,
gene-b1184,,,,,,
gene-b1850,,,,,,
gene-b0588,,,,,,
gene-T4p273,,,,,,
gene-b1711,,,,,,
gene-b1234,,,,,,
gene-b1827,,,,,,
gene-b3227,,,,,,
gene-b4391,,,,,,
gene-b4753,,,,,,
gene-b1567,,,,,,
gene-b4536,,,,,,
gene-b0549,,,,,,
gene-b4808,,,,,,
gene-b4411,,,,,,
gene-b3907,,,,,,
gene-b1504,,,,,,
gene-b1563,,,,,,
gene-b2789,,,,,,
gene-b3290,,,,,,
gene-b3017,,,,,,
gene-b4679,,,,,,
gene-b2021,,,,,,
gene-b3934,,,,,,
gene-b2881,,,,,,
gene-b4765,,,,,,
gene-b2873,,,,,,
gene-b4553,,,,,,
gene-b1974,,,,,,
gene-b3367,,,,,,
gene-b4242,,,,,,
gene-b2624,,,,,,
gene-b4349,,,,,,
gene-b2379,,,,,,
gene-b0656,,,,,,
gene-b4665,,,,,,
gene-b3503,,,,,,
gene-b2074,,,,,,
gene-b2514,,,,,,
gene-b4691,,,,,,
gene-T4p269,,,,,,
gene-b4763,,,,,,
gene-b2434,,,,,,
gene-b2875,,,,,,
gene-b2755,,,,,,
gene-b2960,,,,,,
gene-b3175,,,,,,
gene-b0060,,,,,,
gene-b2486,,,,,,
gene-T4p064,,,,,,
gene-b2649,,,,,,
gene-b3779,,,,,,
gene-b3884,,,,,,
gene-T4t003,,,,,,
gene-b2676,,,,,,
gene-b2533,,,,,,
gene-b0122,,,,,,
gene-b0321,,,,,,
gene-b2280,,,,,,
gene-b4435,,,,,,
gene-b2376,,,,,,
gene-b3309,,,,,,
gene-b3632,,,,,,
gene-b4225,,,,,,
gene-b4514,,,,,,
gene-b2335,,,,,,
gene-b0930,,,,,,
gene-b2886,,,,,,
gene-b1722,,,,,,
gene-b4781,,,,,,
gene-b3495,,,,,,
gene-b3448,,,,,,
gene-b0576,,,,,,
gene-b1701,,,,,,
gene-b2144,,,,,,
gene-b3319,,,,,,
gene-b4474,,,,,,
gene-b1513,,,,,,
gene-b0118,,,,,,
gene-b0186,,,,,,
gene-b1652,,,,,,
gene-b2156,,,,,,
gene-b2161,,,,,,
gene-b2846,,,,,,
gene-b1923,,,,,,
gene-b3587,,,,,,
gene-b2180,,,,,,
gene-b1190,,,,,,
gene-b2814,,,,,,
gene-b3647,,,,,,
gene-b4828,,,,,,
gene-b3641,,,,,,
gene-b3563,,,,,,
gene-b0593,,,,,,
gene-b1620,,,,,,
gene-b2455,,,,,,
gene-b4482,,,,,,
gene-b2899,,,,,,
gene-b3733,,,,,,
gene-b0711,,,,,,
gene-b3313,,,,,,
gene-T4p085,,,,,,
gene-b2992,,,,,,
gene-b1413,,,,,,
gene-b2502,,,,,,
gene-b1837,,,,,,
gene-b0722,,,,,,
gene-b1086,,,,,,
gene-b2429,,,,,,
gene-b3067,,,,,,
gene-b1116,,,,,,
gene-b0685,,,,,,
gene-b1869,,,,,,
gene-b3418,,,,,,
gene-b3881,,,,,,
gene-b0624,,,,,,
gene-b2933,,,,,,
gene-b0058,,,,,,
gene-b1349,,,,,,
gene-b1888,,,,,,
gene-b3923,,,,,,
gene-b3342,,,,,,
gene-b1448,,,,,,
gene-b0439,,,,,,
gene-b2413,,,,,,
gene-b4662,,,,,,
gene-b0940,,,,,,
gene-b3184,,,,,,
gene-b0390,,,,,,
gene-b0209,,,,,,
gene-b1412,,,,,,
gene-b0250,,,,,,
gene-T4p150,,,,,,
gene-b1551,,,,,,
gene-b3143,,,,,,
gene-b2162,,,,,,
gene-b2693,,,,,,
gene-b3269,,,,,,
gene-b3351,,,,,,
gene-b1681,,,,,,
gene-b2935,,,,,,
gene-b3661,,,,,,
gene-b0453,,,,,,
gene-b0282,,,,,,
gene-b1480,,,,,,
gene-T4p257,,,,,,
gene-b0048,,,,,,
gene-b1149,,,,,,
gene-b3764,,,,,,
gene-T4p274,,,,,,
gene-b1210,,,,,,
gene-b3832,,,,,,
gene-b0811,,,,,,
gene-b2561,,,,,,
gene-b3910,,,,,,
gene-T4p249,,,,,,
gene-T4p254,,,,,,
gene-b1560,,,,,,
gene-b3445,,,,,,
gene-b0979,,,,,,
gene-b2553,,,,,,
gene-b0243,,,,,,
gene-b1818,,,,,,
gene-b0056,,,,,,
gene-b1706,,,,,,
gene-b2756,,,,,,
gene-b0245,,,,,,
gene-b2482,,,,,,
gene-b4045,,,,,,
gene-b2837,,,,,,
gene-b4025,,,,,,
gene-T4p163,,,,,,
gene-b1475,,,,,,
gene-b1148,,,,,,
gene-b3952,,,,,,
gene-b0121,,,,,,
gene-b2900,,,,,,
gene-b4534,,,,,,
gene-b2492,,,,,,
gene-b1931,,,,,,
gene-b2430,,,,,,
gene-b1295,,,,,,
gene-b1838,,,,,,
gene-b3349,,,,,,
gene-b0458,,,,,,
gene-b0065,,,,,,
gene-b1020,,,,,,
gene-b3028,,,,,,
gene-b3204,,,,,,
gene-b3650,,,,,,
gene-b3870,,,,,,
gene-b3421,,,,,,
gene-T4p098,,,,,,
gene-b2194,,,,,,
gene-b3782,,,,,,
gene-b0110,,,,,,
gene-b3116,,,,,,
gene-b1877,,,,,,
gene-b2202,,,,,,
gene-b4716,,,,,,
gene-b0354,,,,,,
gene-b2617,,,,,,
gene-b3241,,,,,,
gene-b0037,,,,,,
gene-b1130,,,,,,
gene-b4841,,,,,,
gene-b4421,,,,,,
gene-b3672,,,,,,
gene-b3634,,,,,,
gene-b0657,,,,,,
gene-b3357,,,,,,
gene-b0003,,,,,,
gene-b0888,,,,,,
gene-b1108,,,,,,
gene-b0389,,,,,,
gene-b0206,,,,,,
gene-b1151,,,,,,
gene-T4p077,,,,,,
gene-b2716,,,,,,
gene-b0795,,,,,,
gene-b0654,,,,,,
gene-b2604,,,,,,
gene-b4408,,,,,,
gene-b3877,,,,,,
gene-b3654,,,,,,
gene-b4357,,,,,,
gene-b2637,,,,,,
gene-b0809,,,,,,
gene-b2517,,,,,,
gene-b0762,,,,,,
gene-b0164,,,,,,
gene-b3496,,,,,,
gene-b0582,,,,,,
gene-b1946,,,,,,
gene-b0583,,,,,,
gene-b3138,,,,,,
gene-b4030,,,,,,
gene-b0869,,,,,,
gene-b2320,,,,,,
gene-b3568,,,,,,
gene-b1587,,,,,,
gene-b1824,,,,,,
gene-b1659,,,,,,
gene-b2902,,,,,,
gene-b3289,,,,,,
gene-b4085,,,,,,
gene-b4742,,,,,,
gene-b3454,,,,,,
gene-b0662,,,,,,
gene-b2017,,,,,,
gene-b3477,,,,,,
gene-b3195,,,,,,
gene-b2945,,,,,,
gene-b2598,,,,,,
gene-b3212,,,,,,
gene-b3113,,,,,,
gene-b1622,,,,,,
gene-b1993,,,,,,
gene-b2821,,,,,,
gene-b3939,,,,,,
gene-b1450,,,,,,
gene-b4430,,,,,,
gene-b1515,,,,,,
gene-b3702,,,,,,
gene-b3105,,,,,,
gene-b2395,,,,,,
gene-b1900,,,,,,
gene-b1928,,,,,,
gene-b1333,,,,,,
gene-b0760,,,,,,
gene-b2253,,,,,,
gene-b4266,,,,,,
gene-b3564,,,,,,
gene-b0493,,,,,,
gene-b2230,,,,,,
gene-b3086,,,,,,
gene-b1014,,,,,,
gene-b3242,,,,,,
gene-b3833,,,,,,
gene-b1123,,,,,,
gene-b4606,,,,,,
gene-b2490,,,,,,
gene-b2509,,,,,,
gene-b0182,,,,,,
gene-b3729,,,,,,
gene-b4306,,,,,,
gene-b4169,,,,,,
gene-b2352,,,,,,
gene-b0126,,,,,,
gene-b1114,,,,,,
gene-b2022,,,,,,
gene-b2878,,,,,,
gene-b1027,,,,,,
gene-b4605,,,,,,
gene-b4756,,,,,,
gene-b2939,,,,,,
gene-b0288,,,,,,
gene-b3567,,,,,,
gene-b2213,,,,,,
gene-b4244,,,,,,
gene-b4129,,,,,,
gene-b2179,,,,,,
gene-b0891,,,,,,
gene-b1885,,,,,,
gene-b1422,,,,,,
gene-b1774,,,,,,
gene-b3206,,,,,,
gene-b3889,,,,,,
gene-b3945,,,,,,
gene-b1897,,,,,,
gene-T4t001,,,,,,
gene-b4432,,,,,,
gene-b1435,,,,,,
gene-b1654,,,,,,
gene-b2733,,,,,,
gene-b3006,,,,,,
gene-b2887,,,,,,
gene-b4477,,,,,,
gene-b3813,,,,,,
gene-b4078,,,,,,
gene-b1025,,,,,,
gene-b3360,,,,,,
gene-b1193,,,,,,
gene-b3943,,,,,,
gene-b4090,,,,,,
gene-b4544,,,,,,
gene-b3292,,,,,,
gene-b3697,,,,,,
gene-b4572,,,,,,
gene-b0221,,,,,,
gene-b3440,,,,,,
gene-b3947,,,,,,
gene-b2521,,,,,,
gene-b3444,,,,,,
gene-b1693,,,,,,
gene-T4p186,,,,,,
gene-b4269,,,,,,
gene-b3331,,,,,,
gene-b1628,,,,,,
gene-b4102,,,,,,
gene-T4p253,,,,,,
gene-b0604,,,,,,
gene-b1293,,,,,,
gene-b1533,,,,,,
gene-b2685,,,,,,
gene-b1975,,,,,,
gene-b2461,,,,,,
gene-b2071,,,,,,
gene-b2334,,,,,,
gene-b0468,,,,,,
gene-b3645,,,,,,
gene-T4p026,,,,,,
gene-b3425,,,,,,
gene-b2207,,,,,,
gene-b3857,,,,,,
gene-b1043,,,,,,
gene-T4p217,,,,,,
gene-b3510,,,,,,
gene-b4413,,,,,,
gene-b0924,,,,,,
gene-b2829,,,,,,
gene-b3532,,,,,,
gene-b2271,,,,,,
gene-b2315,,,,,,
gene-b4787,,,,,,
gene-b2982,,,,,,
gene-b0696,,,,,,
gene-b0575,,,,,,
gene-b4386,,,,,,
gene-b2462,,,,,,
gene-b2695,,,,,,
gene-b2921,,,,,,
gene-T4p084,,,,,,
gene-b2157,,,,,,
gene-b3807,,,,,,
gene-b4173,,,,,,
gene-b3453,,,,,,
gene-b1297,,,,,,
gene-b4121,,,,,,
gene-T4p169,,,,,,
gene-b2282,,,,,,
gene-b0778,,,,,,
gene-b1315,,,,,,
gene-b4799,,,,,,
gene-b0807,,,,,,
gene-b0984,,,,,,
gene-b3002,,,,,,
gene-b0981,,,,,,
gene-b3937,,,,,,
gene-b0507,,,,,,
gene-b1141,,,,,,
gene-T4p142,,,,,,
gene-T4p044,,,,,,
gene-b0423,,,,,,
gene-b2326,,,,,,
gene-b3927,,,,,,
gene-b2193,,,,,,
gene-b4438,,,,,,
gene-b2808,,,,,,
gene-b3354,,,,,,
gene-b2995,,,,,,
gene-T4p009,,,,,,
gene-b2268,,,,,,
gene-b4291,,,,,,
gene-b3186,,,,,,
gene-b2382,,,,,,
gene-b2385,,,,,,
gene-b3152,,,,,,
gene-b3732,,,,,,
gene-b3720,,,,,,
gene-b2387,,,,,,
gene-b0016,,,,,,
gene-b3199,,,,,,
gene-b1093,,,,,,
gene-b0740,,,,,,
gene-b0613,,,,,,
gene-b3946,,,,,,
gene-b4827,,,,,,
gene-b4729,,,,,,
gene-b0826,,,,,,
gene-b4206,,,,,,
gene-b4625,,,,,,
gene-b2371,,,,,,
gene-b0147,,,,,,
gene-b3365,,,,,,
gene-b1351,,,,,,
gene-b0290,,,,,,
gene-b1626,,,,,,
gene-b3366,,,,,,
gene-T4p073,,,,,,
gene-b3264,,,,,,
gene-b3626,,,,,,
gene-b4663,,,,,,
gene-b2507,,,,,,
gene-b3142,,,,,,
gene-b3625,,,,,,
gene-b0057,,,,,,
gene-b3636,,,,,,
gene-b2983,,,,,,
gene-b3251,,,,,,
gene-b3829,,,,,,
gene-b4149,,,,,,
gene-b0242,,,,,,
gene-b1932,,,,,,
gene-T4p183,,,,,,
gene-b4050,,,,,,
gene-b1569,,,,,,
gene-b2538,,,,,,
gene-b2196,,,,,,
gene-b3509,,,,,,
gene-b0844,,,,,,
gene-b3688,,,,,,
gene-b3119,,,,,,
gene-b3011,,,,,,
gene-b0694,,,,,,
gene-b3789,,,,,,
gene-b3033,,,,,,
gene-b2788,,,,,,
gene-b4232,,,,,,
gene-b3686,,,,,,
gene-b2684,,,,,,
gene-b2299,,,,,,
gene-b0114,,,,,,
gene-b0268,,,,,,
gene-b2848,,,,,,
gene-b4017,,,,,,
gene-b0137,,,,,,
gene-b4682,,,,,,
gene-b4512,,,,,,
gene-b1814,,,,,,
gene-b2777,,,,,,
gene-b2388,,,,,,
gene-b0163,,,,,,
gene-b2780,,,,,,
gene-b1919,,,,,,
gene-b2820,,,,,,
gene-b0012,,,,,,
gene-T4p135,,,,,,
gene-b3582,,,,,,
gene-b2247,,,,,,
gene-b2570,,,,,,
gene-b1137,,,,,,
gene-b1600,,,,,,
gene-b2077,,,,,,
gene-b1320,,,,,,
gene-b3572,,,,,,
gene-b3080,,,,,,
gene-b4340,,,,,,
gene-b1117,,,,,,
gene-b4238,,,,,,
gene-b4120,,,,,,
gene-b3959,,,,,,
gene-T4p199,,,,,,
gene-b4773,,,,,,
gene-b1677,,,,,,
gene-b0404,,,,,,
gene-b0999,,,,,,
gene-b4195,,,,,,
gene-b3623,,,,,,
gene-b4699,,,,,,
gene-b4370,,,,,,
gene-b2460,,,,,,
gene-b2745,,,,,,
gene-b1274,,,,,,
gene-b4684,,,,,,
gene-T4p035,,,,,,
gene-T4p107,,,,,,
gene-b4380,,,,,,
gene-b3866,,,,,,
gene-b3823,,,,,,
gene-T4p013,,,,,,
gene-b1258,,,,,,
gene-b3592,,,,,,
gene-b2204,,,,,,
gene-b3091,,,,,,
gene-b3940,,,,,,
gene-b4557,,,,,,
gene-b4094,,,,,,
gene-b0372,,,,,,
gene-b1726,,,,,,
gene-b0041,,,,,,
gene-b1485,,,,,,
gene-b1857,,,,,,
gene-b3862,,,,,,
gene-b0581,,,,,,
gene-b3535,,,,,,
gene-b4204,,,,,,
gene-b4152,,,,,,
gene-b4051,,,,,,
gene-b0823,,,,,,
gene-b1664,,,,,,
gene-b0521,,,,,,
gene-b3819,,,,,,
gene-b3751,,,,,,
gene-b4071,,,,,,
gene-b2478,,,,,,
gene-b4056,,,,,,
gene-b1282,,,,,,
gene-b2868,,,,,,
gene-b0893,,,,,,
gene-b4826,,,,,,
gene-b2892,,,,,,
gene-b2802,,,,,,
gene-b0279,,,,,,
gene-b1789,,,,,,
gene-b0859,,,,,,
gene-b1880,,,,,,
gene-b3022,,,,,,
gene-b1396,,,,,,
gene-b2630,,,,,,
gene-b3507,,,,,,
gene-b2694,,,,,,
gene-b4775,,,,,,
gene-b4012,,,,,,
gene-b4061,,,,,,
gene-b3736,,,,,,
gene-b2940,,,,,,
gene-b2948,,,,,,
gene-b2442,,,,,,
gene-b3390,,,,,,
gene-b1553,,,,,,
gene-b3613,,,,,,
gene-b0846,,,,,,
gene-b0090,,,,,,
gene-b1644,,,,,,
gene-b3501,,,,,,
gene-b1278,,,,,,
gene-b0744,,,,,,
gene-b3035,,,,,,
gene-b4140,,,,,,
gene-b0830,,,,,,
gene-b1592,,,,,,
gene-b2559,,,,,,
gene-b2798,,,,,,
gene-b2631,,,,,,
gene-b0293,,,,,,
gene-T4p225,,,,,,
gene-b0378,,,,,,
gene-b4368,,,,,,
gene-b1076,,,,,,
gene-b2519,,,,,,
gene-b0084,,,,,,
gene-b2646,,,,,,
gene-b1627,,,,,,
gene-b2417,,,,,,
gene-b2529,,,,,,
gene-b3325,,,,,,
gene-b2418,,,,,,
gene-b2073,,,,,,
gene-b3302,,,,,,
gene-b4727,,,,,,
gene-b3773,,,,,,
gene-b0085,,,,,,
gene-b0842,,,,,,
gene-b3447,,,,,,
gene-b3868,,,,,,
gene-b2163,,,,,,
gene-b0810,,,,,,
gene-b2457,,,,,,
gene-b2922,,,,,,
gene-b3066,,,,,,
gene-b3896,,,,,,
gene-b4143,,,,,,
gene-b1719,,,,,,
gene-b2094,,,,,,
gene-b4439,,,,,,
gene-b4746,,,,,,
gene-b4551,,,,,,
gene-b0874,,,,,,
gene-b2296,,,,,,
gene-b3115,,,,,,
gene-b0870,,,,,,
gene-b3398,,,,,,
gene-b2018,,,,,,
gene-b1973,,,,,,
gene-b1368,,,,,,
gene-b2776,,,,,,
gene-b1231,,,,,,
gene-b3780,,,,,,
gene-b2686,,,,,,
gene-b4419,,,,,,
gene-b2292,,,,,,
gene-b1552,,,,,,
gene-T4p194,,,,,,
gene-T4p192,,,,,,
gene-b2661,,,,,,
gene-b1657,,,,,,
gene-b0036,,,,,,
gene-b1254,,,,,,
gene-b1305,,,,,,
gene-b1608,,,,,,
gene-b2549,,,,,,
gene-b0752,,,,,,
gene-T4p005,,,,,,
gene-b0948,,,,,,
gene-b3771,,,,,,
gene-b0132,,,,,,
gene-b4762,,,,,,
gene-b2222,,,,,,
gene-b1461,,,,,,
gene-b0790,,,,,,
gene-b0515,,,,,,
gene-b2025,,,,,,
gene-b1811,,,,,,
gene-b4008,,,,,,
gene-b1174,,,,,,
gene-b3389,,,,,,
gene-b0059,,,,,,
gene-b4260,,,,,,
gene-b0258,,,,,,
gene-b3200,,,,,,
gene-T4p172,,,,,,
gene-b1684,,,,,,
gene-b0751,,,,,,
gene-b1878,,,,,,
gene-b0442,,,,,,
gene-b2446,,,,,,
gene-b0452,,,,,,
gene-b0340,,,,,,
gene-b0772,,,,,,
gene-b3163,,,,,,
gene-b1982,,,,,,
gene-b3822,,,,,,
gene-b1385,,,,,,
gene-b0990,,,,,,
gene-b4624,,,,,,
gene-b2405,,,,,,
gene-b0435,,,,,,
gene-b2036,,,,,,
gene-b0427,,,,,,
gene-b4589,,,,,,
gene-b0512,,,,,,
gene-b1271,,,,,,
gene-b0138,,,,,,
gene-b1055,,,,,,
gene-b1508,,,,,,
gene-b2465,,,,,,
gene-b2666,,,,,,
gene-T4p198,,,,,,
gene-b0982,,,,,,
gene-b2494,,,,,,
gene-T4p262,,,,,,
gene-T4p033,,,,,,
gene-b4506,,,,,,
gene-b1872,,,,,,
gene-b1051,,,,,,
gene-b2574,,,,,,
gene-b1272,,,,,,
gene-b3207,,,,,,
gene-b0587,,,,,,
gene-b0480,,,,,,
gene-b1695,,,,,,
gene-b4331,,,,,,
gene-b2581,,,,,,
gene-b0407,,,,,,
gene-b4533,,,,,,
gene-b0031,,,,,,
gene-b4284,,,,,,
gene-b0541,,,,,,
gene-b0142,,,,,,
gene-b0219,,,,,,
gene-b0998,,,,,,
gene-b4759,,,,,,
gene-b3041,,,,,,
gene-b4442,,,,,,
gene-b0461,,,,,,
gene-b2550,,,,,,
gene-b4300,,,,,,
gene-b2288,,,,,,
gene-b1457,,,,,,
gene-b4047,,,,,,
gene-b0019,,,,,,
gene-b2374,,,,,,
gene-b2781,,,,,,
gene-b1393,,,,,,
gene-T4p092,,,,,,
gene-b1395,,,,,,
gene-b2099,,,,,,
gene-b4402,,,,,,
gene-b4170,,,,,,
gene-b4400,,,,,,
gene-b0373,,,,,,
gene-b3261,,,,,,
gene-b1388,,,,,,
gene-b2221,,,,,,
gene-b3076,,,,,,
gene-b1733,,,,,,
gene-b2109,,,,,,
gene-b0726,,,,,,
gene-T4t002,,,,,,
gene-b1419,,,,,,
gene-b2864,,,,,,
gene-b1920,,,,,,
gene-b4796,,,,,,
gene-b2252,,,,,,
gene-b2212,,,,,,
gene-b3315,,,,,,
gene-b2034,,,,,,
gene-b0316,,,,,,
gene-b1228,,,,,,
gene-b0602,,,,,,
gene-b4547,,,,,,
gene-b1074,,,,,,
gene-b0023,,,,,,
gene-b4186,,,,,,
gene-b0266,,,,,,
gene-b3670,,,,,,
gene-b3471,,,,,,
gene-b0788,,,,,,
gene-b2015,,,,,,
gene-b1009,,,,,,
gene-b4146,,,,,,
gene-b1219,,,,,,
gene-b0931,,,,,,
gene-b3053,,,,,,
gene-b3224,,,,,,
gene-b3974,,,,,,
gene-b4257,,,,,,
gene-b2091,,,,,,
gene-b0777,,,,,,
gene-b1943,,,,,,
gene-b0976,,,,,,
gene-b0514,,,,,,
gene-b3088,,,,,,
gene-b1442,,,,,,
gene-b4444,,,,,,
gene-b3216,,,,,,
gene-b3676,,,,,,
gene-b2793,,,,,,
gene-b2123,,,,,,
gene-b4361,,,,,,
gene-b1466,,,,,,
gene-b2032,,,,,,
gene-b4035,,,,,,
gene-b1744,,,,,,
gene-b1072,,,,,,
gene-b4522,,,,,,
gene-b3069,,,,,,
gene-b2135,,,,,,
gene-b3690,,,,,,
gene-b1723,,,,,,
gene-b1863,,,,,,
gene-b2644,,,,,,
gene-b1948,,,,,,
gene-b0895,,,,,,
gene-b2724,,,,,,
gene-b3539,,,,,,
gene-b0265,,,,,,
gene-b2324,,,,,,
gene-b3048,,,,,,
gene-b3486,,,,,,
gene-b3542,,,,,,
gene-b3803,,,,,,
gene-b1860,,,,,,
gene-b1615,,,,,,
gene-b1068,,,,,,
gene-b0262,,,,,,
gene-b0586,,,,,,
gene-b2721,,,,,,
gene-b4771,,,,,,
gene-b2689,,,,,,
gene-b1447,,,,,,
gene-b1336,,,,,,
gene-b2249,,,,,,
gene-b2736,,,,,,
gene-b2916,,,,,,
gene-b4732,,,,,,
gene-b3380,,,,,,
gene-b3811,,,,,,
gene-b2239,,,,,,
gene-b3997,,,,,,
gene-b1443,,,,,,
gene-b2722,,,,,,
gene-b1921,,,,,,
gene-b3508,,,,,,
gene-b4307,,,,,,
gene-b0738,,,,,,
gene-b2341,,,,,,
gene-b1302,,,,,,
gene-b4064,,,,,,
gene-b1382,,,,,,
gene-b2542,,,,,,
gene-b0324,,,,,,
gene-b0422,,,,,,
gene-b1494,,,,,,
gene-b1736,,,,,,
gene-b4034,,,,,,
gene-b0516,,,,,,
gene-b4279,,,,,,
gene-b2569,,,,,,
gene-b3253,,,,,,
gene-T4p121,,,,,,
gene-b2783,,,,,,
gene-b0261,,,,,,
gene-b4566,,,,,,
gene-b4155,,,,,,
gene-b2652,,,,,,
gene-b3932,,,,,,
gene-b4730,,,,,,
gene-b0623,,,,,,
gene-b2771,,,,,,
gene-b0195,,,,,,
gene-b2723,,,,,,
gene-b2909,,,,,,
gene-b4029,,,,,,
gene-b1188,,,,,,
gene-b2715,,,,,,
gene-b4217,,,,,,
gene-b4063,,,,,,
gene-b0388,,,,,,
gene-b0253,,,,,,
gene-b2583,,,,,,
gene-b2786,,,,,,
gene-b1832,,,,,,
gene-b4805,,,,,,
gene-b0590,,,,,,
gene-b4812,,,,,,
gene-b3750,,,,,,
gene-b3575,,,,,,
gene-b0387,,,,,,
gene-b0526,,,,,,
gene-b4558,,,,,,
gene-b1503,,,,,,
gene-b1237,,,,,,
gene-b1987,,,,,,
gene-T4p195,,,,,,
gene-b0996,,,,,,
gene-b0572,,,,,,
gene-b4764,,,,,,
gene-b1893,,,,,,
gene-b2882,,,,,,
gene-b1647,,,,,,
gene-b1046,,,,,,
gene-b0693,,,,,,
gene-b3192,,,,,,
gene-b0214,,,,,,
gene-b4618,,,,,,
gene-b0993,,,,,,
gene-b2866,,,,,,
gene-b1603,,,,,,
gene-T4p185,,,,,,
gene-b3988,,,,,,
gene-b1819,,,,,,
gene-b1957,,,,,,
gene-b2321,,,,,,
gene-b0410,,,,,,
gene-b4031,,,,,,
gene-b2816,,,,,,
gene-b1967,,,,,,
gene-b0967,,,,,,
gene-b2060,,,,,,
gene-b2804,,,,,,
gene-b0022,,,,,,
gene-b4040,,,,,,
gene-b4745,,,,,,
gene-b3306,,,,,,
gene-b4333,,,,,,
gene-b4608,,,,,,
gene-b3238,,,,,,
gene-b4365,,,,,,
gene-b4262,,,,,,
gene-b0009,,,,,,
gene-b4193,,,,,,
gene-b2409,,,,,,
gene-b4782,,,,,,
gene-b3498,,,,,,
gene-b3202,,,,,,
gene-b3409,,,,,,
gene-b1389,,,,,,
gene-b1410,,,,,,
gene-b3513,,,,,,
gene-b1848,,,,,,
gene-b3713,,,,,,
gene-T4p113,,,,,,
gene-b2235,,,,,,
gene-b1098,,,,,,
gene-b2357,,,,,,
gene-b3333,,,,,,
gene-b0598,,,,,,
gene-b0700,,,,,,
gene-T4p226,,,,,,
gene-b3622,,,,,,
gene-b3044,,,,,,
gene-b1493,,,,,,
gene-b1345,,,,,,
gene-b2825,,,,,,
gene-b0358,,,,,,
gene-b0232,,,,,,
gene-b1959,,,,,,
gene-b0310,,,,,,
gene-b0285,,,,,,
gene-b2438,,,,,,
gene-b2620,,,,,,
gene-b3384,,,,,,
gene-b1990,,,,,,
gene-b1185,,,,,,
gene-b4501,,,,,,
gene-T4p055,,,,,,
gene-b4734,,,,,,
gene-b3540,,,,,,
gene-T4p134,,,,,,
gene-b4214,,,,,,
gene-T4p176,,,,,,
gene-b3013,,,,,,
gene-T4p241,,,,,,
gene-b1570,,,,,,
gene-b1359,,,,,,
gene-b0892,,,,,,
gene-b1175,,,,,,
gene-b2185,,,,,,
gene-b3973,,,,,,
gene-b0313,,,,,,
gene-b2295,,,,,,
gene-b4383,,,,,,
gene-b4772,,,,,,
gene-b4809,,,,,,
gene-b4485,,,,,,
gene-b1547,,,,,,
gene-b3026,,,,,,
gene-b4222,,,,,,
gene-b1545,,,,,,
gene-b0525,,,,,,
gene-b0216,,,,,,
gene-b4711,,,,,,
gene-b2840,,,,,,
gene-T4p207,,,,,,
gene-b1232,,,,,,
gene-b0964,,,,,,
gene-b1639,,,,,,
gene-b2626,,,,,,
gene-b3598,,,,,,
gene-b1912,,,,,,
gene-b2356,,,,,,
gene-b1731,,,,,,
gene-b3220,,,,,,
gene-b1841,,,,,,
gene-T4p167,,,,,,
gene-b2579,,,,,,
gene-b1755,,,,,,
gene-b3340,,,,,,
gene-b4194,,,,,,
gene-b0361,,,,,,
gene-b3371,,,,,,
gene-b4559,,,,,,
gene-b3770,,,,,,
gene-b0734,,,,,,
gene-b1745,,,,,,
gene-b4096,,,,,,
gene-b0814,,,,,,
gene-b0491,,,,,,
gene-b1614,,,,,,
gene-T4p006,,,,,,
gene-b1252,,,,,,
gene-T4p042,,,,,,
gene-b4122,,,,,,
gene-b0564,,,,,,
gene-b1641,,,,,,
gene-b2264,,,,,,
gene-b2013,,,,,,
gene-b3483,,,,,,
gene-b0969,,,,,,
gene-T4p228,,,,,,
gene-b4817,,,,,,
gene-b2508,,,,,,
gene-b2259,,,,,,
gene-b0375,,,,,,
gene-b2107,,,,,,
gene-T4p166,,,,,,
gene-b1740,,,,,,
gene-b1783,,,,,,
gene-b2759,,,,,,
gene-b3374,,,,,,
gene-b2707,,,,,,
gene-b0194,,,,,,
gene-b1112,,,,,,
gene-b4831,,,,,,
gene-b2283,,,,,,
gene-b1708,,,,,,
gene-b3698,,,,,,
gene-b1938,,,,,,
gene-T4p137,,,,,,
gene-b1081,,,,,,
gene-b1391,,,,,,
gene-b4327,,,,,,
gene-b4621,,,,,,
gene-b2593,,,,,,
gene-b2906,,,,,,
gene-T4p028,,,,,,
gene-b3120,,,,,,
gene-b3734,,,,,,
gene-b4241,,,,,,
gene-b0645,,,,,,
gene-b4460,,,,,,
gene-b0294,,,,,,
gene-b3297,,,,,,
gene-b1806,,,,,,
gene-b2928,,,,,,
gene-b4243,,,,,,
gene-b3336,,,,,,
gene-b4548,,,,,,
gene-b3247,,,,,,
gene-b4231,,,,,,
gene-b0556,,,,,,
gene-b0080,,,,,,
gene-b3190,,,,,,
gene-b1057,,,,,,
gene-b0834,,,,,,
gene-b4001,,,,,,
gene-b3523,,,,,,
gene-b1463,,,,,,
gene-b2744,,,,,,
gene-b4158,,,,,,
gene-b3727,,,,,,
gene-b2813,,,,,,
gene-b3327,,,,,,
gene-b0420,,,,,,
gene-b2467,,,,,,
gene-b2548,,,,,,
gene-b1638,,,,,,
gene-b4801,,,,,,
gene-b2852,,,,,,
gene-b1472,,,,,,
gene-b3064,,,,,,
gene-b0715,,,,,,
gene-b4201,,,,,,
gene-b0908,,,,,,
gene-T4p197,,,,,,
gene-b1804,,,,,,
gene-b0249,,,,,,
gene-b0840,,,,,,
gene-b0709,,,,,,
gene-b1080,,,,,,
gene-b1111,,,,,,
gene-b1337,,,,,,
gene-b1325,,,,,,
gene-b3687,,,,,,
gene-b4535,,,,,,
gene-T4p237,,,,,,
gene-b2543,,,,,,
gene-b4215,,,,,,
gene-T4p259,,,,,,
gene-b1445,,,,,,
gene-T4p022,,,,,,
gene-b3213,,,,,,
gene-b1012,,,,,,
gene-b1004,,,,,,
gene-b3139,,,,,,
gene-T4p050,,,,,,
gene-b0533,,,,,,
gene-T4p181,,,,,,
gene-b3177,,,,,,
gene-b3222,,,,,,
gene-b1514,,,,,,
gene-b1255,,,,,,
gene-b2392,,,,,,
gene-b1266,,,,,,
gene-b1574,,,,,,
gene-b4597,,,,,,
gene-b4542,,,,,,
gene-b3527,,,,,,
gene-b4824,,,,,,
gene-b2340,,,,,,
gene-b3992,,,,,,
gene-b1426,,,,,,
gene-b0955,,,,,,
gene-b1637,,,,,,
gene-b0601,,,,,,
gene-b0965,,,,,,
gene-b2448,,,,,,
gene-b4352,,,,,,
gene-b0756,,,,,,
gene-b4483,,,,,,
gene-b1499,,,,,,
gene-b0885,,,,,,
gene-b4393,,,,,,
gene-b0015,,,,,,
gene-b1884,,,,,,
gene-T4p054,,,,,,
gene-b2801,,,,,,
gene-b2555,,,,,,
gene-b1640,,,,,,
gene-b0708,,,,,,
gene-b4789,,,,,,
gene-b1735,,,,,,
gene-b4159,,,,,,
gene-b2535,,,,,,
gene-b4672,,,,,,
gene-b0672,,,,,,
gene-b2623,,,,,,
gene-b1807,,,,,,
gene-b0355,,,,,,
gene-b4510,,,,,,
gene-b1602,,,,,,
gene-b2206,,,,,,
gene-b3637,,,,,,
gene-b1512,,,,,,
gene-b1791,,,,,,
gene-b0568,,,,,,
gene-b1276,,,,,,
gene-b4363,,,,,,
gene-b3669,,,,,,
gene-b1828,,,,,,
gene-b0706,,,,,,
gene-b4603,,,,,,
gene-b1366,,,,,,
gene-T4p234,,,,,,
gene-b4133,,,,,,
gene-b2594,,,,,,
gene-b1049,,,,,,
gene-b2041,,,,,,
gene-b2797,,,,,,
gene-b2184,,,,,,
gene-b3084,,,,,,
gene-b3797,,,,,,
gene-b2895,,,,,,
gene-b3541,,,,,,
gene-b4523,,,,,,
gene-b0873,,,,,,
gene-b0776,,,,,,
gene-b3602,,,,,,
gene-b3842,,,,,,
gene-b0409,,,,,,
gene-b0806,,,,,,
gene-b3413,,,,,,
gene-b2186,,,,,,
gene-b4123,,,,,,
gene-T4p145,,,,,,
gene-b0088,,,,,,
gene-b2484,,,,,,
gene-b4399,,,,,,
gene-b0391,,,,,,
gene-b4472,,,,,,
gene-b0286,,,,,,
gene-b2289,,,,,,
gene-b3098,,,,,,
gene-b2718,,,,,,
gene-b2843,,,,,,
gene-b0007,,,,,,
gene-b4245,,,,,,
gene-b2826,,,,,,
gene-b3679,,,,,,
gene-b3847,,,,,,
gene-b3584,,,,,,
gene-b0478,,,,,,
gene-b4272,,,,,,
gene-b2076,,,,,,
gene-b1319,,,,,,
gene-b3326,,,,,,
gene-b1849,,,,,,
gene-b0445,,,,,,
gene-T4p052,,,,,,
gene-b4517,,,,,,
gene-b0680,,,,,,
gene-b1217,,,,,,
gene-b3580,,,,,,
gene-b0494,,,,,,
gene-b4778,,,,,,
gene-b0506,,,,,,
gene-b2237,,,,,,
gene-b2836,,,,,,
gene-b4132,,,,,,
gene-b1623,,,,,,
gene-b3364,,,,,,
gene-b4127,,,,,,
gene-b1162,,,,,,
gene-b4511,,,,,,
gene-T4p224,,,,,,
gene-b1765,,,,,,
gene-b4395,,,,,,
gene-b0292,,,,,,
gene-b1730,,,,,,
gene-b2174,,,,,,
gene-b2273,,,,,,
gene-b3431,,,,,,
gene-b3631,,,,,,
gene-b0050,,,,,,
gene-b0594,,,,,,
gene-b0534,,,,,,
gene-b0815,,,,,,
gene-b3221,,,,,,
gene-b3312,,,,,,
gene-b4686,,,,,,
gene-b1208,,,,,,
gene-b0139,,,,,,
gene-b0484,,,,,,
gene-b2246,,,,,,
gene-b4509,,,,,,
gene-b2329,,,,,,
gene-b2431,,,,,,
gene-b2560,,,,,,
gene-b4371,,,,,,
gene-b2286,,,,,,
gene-b0296,,,,,,
gene-b3422,,,,,,
gene-b4800,,,,,,
gene-b1183,,,,,,
gene-b1668,,,,,,
gene-b1737,,,,,,
gene-b0072,,,,,,
gene-b3658,,,,,,
gene-b1269,,,,,,
gene-b0385,,,,,,
gene-b3719,,,,,,
gene-b2351,,,,,,
gene-b2410,,,,,,
gene-b0104,,,,,,
gene-b0175,,,,,,
gene-b0523,,,,,,
gene-b2576,,,,,,
gene-b4207,,,,,,
gene-b0440,,,,,,
gene-b3699,,,,,,
gene-b3024,,,,,,
gene-b3593,,,,,,
gene-b0014,,,,,,
gene-b0178,,,,,,
gene-b4794,,,,,,
gene-b4024,,,,,,
gene-b4418,,,,,,
gene-b1159,,,,,,
gene-b3174,,,,,,
gene-b0714,,,,,,
gene-b4428,,,,,,
gene-b0852,,,,,,
gene-T4p261,,,,,,
gene-b2422,,,,,,
gene-b4141,,,,,,
gene-b2645,,,,,,
gene-b1989,,,,,,
gene-b2106,,,,,,
gene-b3329,,,,,,
gene-b0135,,,,,,
gene-b2250,,,,,,
gene-b1223,,,,,,
gene-b1436,,,,,,
gene-b4068,,,,,,
gene-b2977,,,,,,
gene-b4100,,,,,,
gene-T4p278,,,,,,
gene-b2586,,,,,,
gene-b4744,,,,,,
gene-b1594,,,,,,
gene-b3942,,,,,,
gene-b3301,,,,,,
gene-b4458,,,,,,
gene-b0808,,,,,,
gene-b4594,,,,,,
gene-b0438,,,,,,
gene-b2330,,,,,,
gene-T4p200,,,,,,
gene-b3916,,,,,,
gene-b1901,,,,,,
gene-b2380,,,,,,
gene-b3189,,,,,,
gene-b3871,,,,,,
gene-b0426,,,,,,
gene-b0473,,,,,,
gene-b3965,,,,,,
gene-b1909,,,,,,
gene-b3990,,,,,,
gene-b2033,,,,,,
gene-b3078,,,,,,
gene-b1225,,,,,,
gene-b1764,,,,,,
gene-T4p206,,,,,,
gene-b3963,,,,,,
gene-b0767,,,,,,
gene-b1275,,,,,,
gene-b2894,,,,,,
gene-b4838,,,,,,
gene-b1507,,,,,,
gene-b1523,,,,,,
gene-b1671,,,,,,
gene-b3536,,,,,,
gene-b2240,,,,,,
gene-b3659,,,,,,
gene-b0798,,,,,,
gene-b1243,,,,,,
gene-b2844,,,,,,
gene-b0149,,,,,,
gene-b4437,,,,,,
gene-b1767,,,,,,
gene-b3234,,,,,,
gene-b0421,,,,,,
gene-b3611,,,,,,
gene-b0155,,,,,,
gene-b1110,,,,,,
gene-b4755,,,,,,
gene-b0698,,,,,,
gene-b0849,,,,,,
gene-b1246,,,,,,
gene-b2941,,,,,,
gene-b3904,,,,,,
gene-b1373,,,,,,
gene-b1402,,,,,,
gene-b1270,,,,,,
gene-b1355,,,,,,
gene-b3323,,,,,,
gene-b4741,,,,,,
gene-b0298,,,,,,
gene-b4072,,,,,,
gene-b4107,,,,,,
gene-b0748,,,,,,
gene-b2763,,,,,,
gene-b2815,,,,,,
gene-b2141,,,,,,
gene-b0936,,,,,,
gene-b4016,,,,,,
gene-b3786,,,,,,
gene-b3259,,,,,,
gene-b3655,,,,,,
gene-b4177,,,,,,
gene-b1941,,,,,,
gene-b1334,,,,,,
gene-b3643,,,,,,
gene-b0769,,,,,,
gene-b3386,,,,,,
gene-b2673,,,,,,
gene-b0270,,,,,,
gene-T4p144,,,,,,
gene-b2739,,,,,,
gene-b3744,,,,,,
gene-b0166,,,,,,
gene-b3126,,,,,,
gene-b3660,,,,,,
gene-b0168,,,,,,
gene-b4336,,,,,,
gene-b4233,,,,,,
gene-b0256,,,,,,
gene-b0733,,,,,,
gene-b0707,,,,,,
gene-b2496,,,,,,
gene-b1873,,,,,,
gene-b0462,,,,,,
gene-T4p255,,,,,,
gene-b1698,,,,,,
gene-b3627,,,,,,
gene-b3628,,,,,,
gene-b0087,,,,,,
gene-b3984,,,,,,
gene-b1000,,,,,,
gene-b3956,,,,,,
gene-b4002,,,,,,
gene-b1538,,,,,,
gene-b3170,,,,,,
gene-b0001,,,,,,
gene-T4p078,,,,,,
gene-b0779,,,,,,
gene-b0116,,,,,,
gene-b3879,,,,,,
gene-b1550,,,,,,
gene-b4502,,,,,,
gene-b0471,,,,,,
gene-b3574,,,,,,
gene-T4p031,,,,,,
gene-b3263,,,,,,
gene-b4263,,,,,,
gene-b3198,,,,,,
gene-b2151,,,,,,
gene-b1822,,,,,,
gene-b2791,,,,,,
gene-b3430,,,,,,
gene-b1930,,,,,,
gene-b3883,,,,,,
gene-b4221,,,,,,
gene-b4767,,,,,,
gene-b4440,,,,,,
gene-b3646,,,,,,
gene-b2416,,,,,,
gene-b1037,,,,,,
gene-b2822,,,,,,
gene-b2063,,,,,,
gene-b2701,,,,,,
gene-b1689,,,,,,
gene-b1001,,,,,,
gene-b3472,,,,,,
gene-b1529,,,,,,
gene-b3791,,,,,,
gene-b1045,,,,,,
gene-b1268,,,,,,
gene-b0571,,,,,,
gene-b2761,,,,,,
gene-b3722,,,,,,
gene-b2770,,,,,,
gene-b2142,,,,,,
gene-T4p216,,,,,,
gene-b0900,,,,,,
gene-T4p160,,,,,,
gene-T4p108,,,,,,
gene-b1498,,,,,,
gene-b2487,,,,,,
gene-b1800,,,,,,
gene-b4713,,,,,,
gene-b3792,,,,,,
gene-b3117,,,,,,
gene-b2474,,,,,,
gene-T4p153,,,,,,
gene-b0005,,,,,,
gene-b2904,,,,,,
gene-b0631,,,,,,
gene-b2276,,,,,,
gene-T4p029,,,,,,
gene-b1886,,,,,,
gene-b1309,,,,,,
gene-b2248,,,,,,
gene-b2134,,,,,,
gene-b4443,,,,,,
gene-b0952,,,,,,
gene-b1646,,,,,,
gene-b0591,,,,,,
gene-b2373,,,,,,
gene-b1238,,,,,,
gene-b2516,,,,,,
gene-b0101,,,,,,
gene-b2114,,,,,,
gene-b1135,,,,,,
gene-b1259,,,,,,
gene-b4674,,,,,,
gene-b1460,,,,,,
gene-b2608,,,,,,
gene-b3047,,,,,,
gene-b0487,,,,,,
gene-b2747,,,,,,
gene-b1105,,,,,,
gene-b4087,,,,,,
gene-b0563,,,,,,
gene-b2023,,,,,,
gene-b2760,,,,,,
gene-b3863,,,,,,
gene-b4388,,,,,,
gene-b1748,,,,,,
gene-b4052,,,,,,
gene-b0983,,,,,,
gene-T4p173,,,,,,
gene-b2758,,,,,,
gene-b0303,,,,,,
gene-b2225,,,,,,
gene-b2024,,,,,,
gene-b3010,,,,,,
gene-b1496,,,,,,
gene-b1612,,,,,,
gene-b2562,,,,,,
gene-b2445,,,,,,
gene-b3050,,,,,,
gene-b0469,,,,,,
gene-T4p066,,,,,,
gene-b3405,,,,,,
gene-b3843,,,,,,
gene-b2493,,,,,,
gene-b1741,,,,,,
gene-b2019,,,,,,
gene-b3996,,,,,,
gene-b1215,,,,,,
gene-b4476,,,,,,
gene-T4p119,,,,,,
gene-b2749,,,,,,
gene-b3079,,,,,,
gene-b1679,,,,,,
gene-b2302,,,,,,
gene-T4p154,,,,,,
gene-b4758,,,,,,
gene-b0995,,,,,,
gene-b4698,,,,,,
gene-b3576,,,,,,
gene-b1430,,,,,,
gene-b1700,,,,,,
gene-b4545,,,,,,
gene-b0464,,,,,,
gene-b4042,,,,,,
gene-b1859,,,,,,
gene-b4779,,,,,,
gene-b3267,,,,,,
gene-b0489,,,,,,
gene-b1751,,,,,,
gene-b2056,,,,,,
gene-b1218,,,,,,
gene-b1242,,,,,,
gene-b2518,,,,,,
gene-b1308,,,,,,
gene-b3757,,,,,,
gene-b0415,,,,,,
gene-b2201,,,,,,
gene-b0765,,,,,,
gene-b0342,,,,,,
gene-b0771,,,,,,
gene-b4723,,,,,,
gene-b1944,,,,,,
gene-b4479,,,,,,
gene-b1784,,,,,,
gene-b0558,,,,,,
gene-b0228,,,,,,
gene-b0238,,,,,,
gene-b1222,,,,,,
gene-b4685,,,,,,
gene-b2131,,,,,,
gene-b0457,,,,,,
gene-b3620,,,,,,
gene-b1077,,,,,,
gene-b2256,,,,,,
gene-b3281,,,,,,
gene-b0759,,,,,,
gene-b4182,,,,,,
gene-b0868,,,,,,
gene-b0366,,,,,,
gene-b3723,,,,,,
gene-b2368,,,,,,
gene-b3394,,,,,,
gene-b1249,,,,,,
gene-T4p015,,,,,,
gene-b2766,,,,,,
gene-b2790,,,,,,
gene-T4p179,,,,,,
gene-b1414,,,,,,
gene-b3524,,,,,,
gene-b3897,,,,,,
gene-b4612,,,,,,
gene-b4381,,,,,,
gene-b4429,,,,,,
gene-b3806,,,,,,
gene-b4098,,,,,,
gene-b1715,,,,,,
gene-T4p003,,,,,,
gene-b1168,,,,,,
gene-b2305,,,,,,
gene-b0634,,,,,,
gene-b2874,,,,,,
gene-b3466,,,,,,
gene-b3072,,,,,,
gene-b0785,,,,,,
gene-b0628,,,,,,
gene-b3140,,,,,,
gene-b0513,,,,,,
gene-b2727,,,,,,
gene-b3680,,,,,,
gene-b0352,,,,,,
gene-b3328,,,,,,
gene-b3457,,,,,,
gene-b3401,,,,,,
gene-b1650,,,,,,
gene-b2621,,,,,,
gene-b0278,,,,,,
gene-b0615,,,,,,
gene-b2527,,,,,,
gene-b4179,,,,,,
gene-b3639,,,,,,
gene-b1280,,,,,,
gene-b3728,,,,,,
gene-b2943,,,,,,
gene-b3203,,,,,,
gene-b1778,,,,,,
gene-b3648,,,,,,
gene-b1665,,,,,,
gene-b0200,,,,,,
gene-b4235,,,,,,
gene-b0864,,,,,,
gene-b4770,,,,,,
gene-b0782,,,,,,
gene-b3935,,,,,,
gene-b3008,,,,,,
gene-T4p138,,,,,,
gene-b1573,,,,,,
gene-b1444,,,,,,
gene-b3931,,,,,,
gene-b0043,,,,,,
gene-b3235,,,,,,
gene-b1972,,,,,,
gene-b1705,,,,,,
gene-b2182,,,,,,
gene-b0408,,,,,,
gene-b4325,,,,,,
gene-b4037,,,,,,
gene-b1501,,,,,,
gene-b3157,,,,,,
gene-b0091,,,,,,
gene-b2393,,,,,,
gene-b3408,,,,,,
gene-b0854,,,,,,
gene-b3707,,,,,,
gene-T4p069,,,,,,
gene-b0482,,,,,,
gene-b1136,,,,,,
gene-b3599,,,,,,
gene-b4144,,,,,,
gene-b0329,,,,,,
gene-b2847,,,,,,
gene-b2898,,,,,,
gene-b3964,,,,,,
gene-T4p053,,,,,,
gene-T4t006,,,,,,
gene-b0529,,,,,,
gene-b3901,,,,,,
gene-b1312,,,,,,
gene-b1595,,,,,,
gene-b0957,,,,,,
gene-b3664,,,,,,
gene-b3721,,,,,,
gene-b0259,,,,,,
gene-b1792,,,,,,
gene-b0724,,,,,,
gene-b4776,,,,,,
gene-b3853,,,,,,
gene-b2003,,,,,,
gene-b2696,,,,,,
gene-b0102,,,,,,
gene-b0648,,,,,,
gene-b1128,,,,,,
gene-b3604,,,,,,
gene-b4397,,,,,,
gene-b2168,,,,,,
gene-b0411,,,,,,
gene-b1286,,,,,,
gene-b4139,,,,,,
gene-b0650,,,,,,
gene-b2029,,,,,,
gene-b2325,,,,,,
gene-b3827,,,,,,
gene-T4p230,,,,,,
gene-b3171,,,,,,
gene-b3520,,,,,,
gene-T4p201,,,,,,
gene-b4750,,,,,,
gene-b3656,,,,,,
gene-b4372,,,,,,
gene-b0127,,,,,,
gene-b0605,,,,,,
gene-b3273,,,,,,
gene-b0117,,,,,,
gene-b1008,,,,,,
gene-b3428,,,,,,
gene-b2774,,,,,,
gene-b2575,,,,,,
gene-b3809,,,,,,
gene-b3766,,,,,,
gene-b0051,,,,,,
gene-b4450,,,,,,
gene-b0773,,,,,,
gene-b4568,,,,,,
gene-b4593,,,,,,
gene-b1642,,,,,,
gene-b0212,,,,,,
gene-b0397,,,,,,
gene-b3459,,,,,,
gene-b3244,,,,,,
gene-b4598,,,,,,
gene-b4611,,,,,,
gene-b4615,,,,,,
gene-b4113,,,,,,
gene-b1823,,,,,,
gene-b2861,,,,,,
gene-b2498,,,,,,
gene-b0295,,,,,,
gene-b3740,,,,,,
gene-b4845,,,,,,
gene-b0905,,,,,,
gene-b4752,,,,,,
gene-b3344,,,,,,
gene-b1487,,,,,,
gene-b3978,,,,,,
gene-b3114,,,,,,
gene-b1575,,,,,,
gene-b4839,,,,,,
gene-T4p208,,,,,,
gene-b2471,,,,,,
gene-b4802,,,,,,
gene-b3131,,,,,,
gene-b0211,,,,,,
gene-b4202,,,,,,
gene-b0044,,,,,,
gene-b2740,,,,,,
gene-b3531,,,,,,
gene-b3741,,,,,,
gene-b0730,,,,,,
gene-T4p213,,,,,,
gene-b0780,,,,,,
gene-b1253,,,,,,
gene-b3009,,,,,,
gene-b3600,,,,,,
gene-b0173,,,,,,
gene-b0872,,,,,,
gene-b4451,,,,,,
gene-b3608,,,,,,
gene-b3944,,,,,,
gene-b3350,,,,,,
gene-b2950,,,,,,
gene-T4p014,,,,,,
gene-b3465,,,,,,
gene-b4736,,,,,,
gene-b1161,,,,,,
gene-b0635,,,,,,
gene-b2811,,,,,,
gene-b4449,,,,,,
gene-T4p030,,,,,,
gene-b2469,,,,,,
gene-b2362,,,,,,
gene-b3096,,,,,,
gene-b3181,,,,,,
gene-b2615,,,,,,
gene-b4504,,,,,,
gene-b3512,,,,,,
gene-b2664,,,,,,
gene-b0970,,,,,,
gene-b0161,,,,,,
gene-b1209,,,,,,
gene-b0172,,,,,,
gene-b4487,,,,,,
gene-b0364,,,,,,
gene-b4077,,,,,,
gene-b4469,,,,,,
gene-b0396,,,,,,
gene-b1754,,,,,,
gene-b0608,,,,,,
gene-b3191,,,,,,
gene-b0384,,,,,,
gene-b0130,,,,,,
gene-b0896,,,,,,
gene-b2181,,,,,,
gene-b4364,,,,,,
gene-b4253,,,,,,
gene-b2111,,,,,,
gene-b1083,,,,,,
gene-b2433,,,,,,
gene-b3219,,,,,,
gene-b0319,,,,,,
gene-b2158,,,,,,
gene-b2578,,,,,,
gene-b3617,,,,,,
gene-b4513,,,,,,
gene-T4p070,,,,,,
gene-b4816,,,,,,
gene-b1468,,,,,,
gene-b0619,,,,,,
gene-b2119,,,,,,
gene-b3614,,,,,,
gene-b2440,,,,,,
gene-b0490,,,,,,
gene-b3391,,,,,,
gene-T4p252,,,,,,
gene-b0042,,,,,,
gene-b1497,,,,,,
gene-b2046,,,,,,
gene-b0731,,,,,,
gene-b1610,,,,,,
gene-b2079,,,,,,
gene-b3153,,,,,,
gene-b3368,,,,,,
gene-b4151,,,,,,
gene-b3828,,,,,,
gene-b0486,,,,,,
gene-b2443,,,,,,
gene-b1861,,,,,,
gene-b4013,,,,,,
gene-b4412,,,,,,
gene-b0946,,,,,,
gene-b1879,,,,,,
gene-b4148,,,,,,
gene-b4226,,,,,,
gene-b1994,,,,,,
gene-b2913,,,,,,
gene-b2173,,,,,,
gene-b3619,,,,,,
gene-b1492,,,,,,
gene-b3860,,,,,,
gene-b0819,,,,,,
gene-b2419,,,,,,
gene-b1143,,,,,,
gene-b0006,,,,,,
gene-b0865,,,,,,
gene-b3124,,,,,,
gene-b2580,,,,,,
gene-b4268,,,,,,
gene-b0202,,,,,,
gene-T4p104,,,,,,
gene-b3218,,,,,,
gene-b3957,,,,,,
gene-b0141,,,,,,
gene-b0661,,,,,,
gene-b1662,,,,,,
gene-b0520,,,,,,
gene-b4622,,,,,,
gene-b0522,,,,,,
gene-b1635,,,,,,
gene-b1146,,,,,,
gene-b4142,,,,,,
gene-b3298,,,,,,
gene-b2554,,,,,,
gene-b4803,,,,,,
gene-b0398,,,,,,
gene-b2610,,,,,,
gene-b1793,,,,,,
gene-b2635,,,,,,
gene-b1478,,,,,,
gene-b1153,,,,,,
gene-b1996,,,,,,
gene-b4116,,,,,,
gene-b1299,,,,,,
gene-b0403,,,,,,
gene-b1233,,,,,,
gene-b3228,,,,,,
gene-b1607,,,,,,
gene-b1018,,,,,,
gene-b0320,,,,,,
gene-b1026,,,,,,
gene-b4532,,,,,,
gene-b2165,,,,,,
gene-b0133,,,,,,
gene-b0596,,,,,,
gene-b2364,,,,,,
gene-b4188,,,,,,
gene-b1050,,,,,,
gene-b1775,,,,,,
gene-b4026,,,,,,
gene-b3179,,,,,,
gene-b1058,,,,,,
gene-b1761,,,,,,
gene-b3578,,,,,,
gene-b4464,,,,,,
gene-b0174,,,,,,
gene-b2871,,,,,,
gene-b0906,,,,,,
gene-b3917,,,,,,
gene-b1358,,,,,,
gene-T4p256,,,,,,
gene-b0184,,,,,,
gene-b0020,,,,,,
gene-b2817,,,,,,
gene-b4318,,,,,,
gene-b4433,,,,,,
gene-b1329,,,,,,
gene-b3644,,,,,,
gene-b0805,,,,,,
gene-T4p263,,,,,,
gene-b0783,,,,,,
gene-T4p074,,,,,,
gene-b3223,,,,,,
gene-b2712,,,,,,
gene-b2573,,,,,,
gene-b1542,,,,,,
gene-b3123,,,,,,
gene-b3025,,,,,,
gene-b3432,,,,,,
gene-b2520,,,,,,
gene-b0728,,,,,,
gene-b4461,,,,,,
gene-b4836,,,,,,
gene-b4347,,,,,,
gene-b2473,,,,,,
gene-b3682,,,,,,
gene-b0883,,,,,,
gene-b1449,,,,,,
gene-b2126,,,,,,
gene-b3478,,,,,,
gene-b2154,,,,,,
gene-b4049,,,,,,
gene-b4264,,,,,,
gene-b3481,,,,,,
gene-b1906,,,,,,
gene-b1781,,,,,,
gene-b1991,,,,,,
gene-b1716,,,,,,
gene-b0040,,,,,,
gene-b3392,,,,,,
gene-b3714,,,,,,
gene-b0867,,,,,,
gene-b1890,,,,,,
gene-b2008,,,,,,
gene-T4p126,,,,,,
gene-b4823,,,,,,
gene-b4310,,,,,,
gene-T4p096,,,,,,
gene-b2764,,,,,,
gene-b2043,,,,,,
gene-b0508,,,,,,
gene-b1589,,,,,,
gene-b1758,,,,,,
gene-b2609,,,,,,
gene-b1316,,,,,,
gene-b0578,,,,,,
gene-b0985,,,,,,
gene-b3591,,,,,,
gene-b4210,,,,,,
gene-T4p093,,,,,,
gene-b2133,,,,,,
gene-b0913,,,,,,
gene-b4719,,,,,,
gene-b2748,,,,,,
gene-b2298,,,,,,
gene-b3894,,,,,,
gene-b0140,,,,,,
gene-b1902,,,,,,
gene-b3474,,,,,,
gene-b4516,,,,,,
gene-b3874,,,,,,
gene-b2888,,,,,,
gene-b0350,,,,,,
gene-b4023,,,,,,
gene-b2704,,,,,,
gene-b4844,,,,,,
gene-b2792,,,,,,
gene-b2938,,,,,,
gene-b1724,,,,,,
gene-b3030,,,,,,
gene-b1648,,,,,,
gene-b0107,,,,,,
gene-b2300,,,,,,
gene-b3684,,,,,,
gene-b2833,,,,,,
gene-b2359,,,,,,
gene-b3765,,,,,,
gene-b1404,,,,,,
gene-b4083,,,,,,
gene-b0176,,,,,,
gene-b1742,,,,,,
gene-b1799,,,,,,
gene-b2070,,,,,,
gene-b2421,,,,,,
gene-b2361,,,,,,
gene-b4175,,,,,,
gene-b0475,,,,,,
gene-b0577,,,,,,
gene-b3554,,,,,,
gene-b2674,,,,,,
gene-b1197,,,,,,
gene-b1047,,,,,,
gene-b3014,,,,,,
gene-b3882,,,,,,
gene-b3922,,,,,,
gene-T4p116,,,,,,
gene-T4p021,,,,,,
gene-b1257,,,,,,
gene-b2042,,,,,,
gene-b3057,,,,,,
gene-b0904,,,,,,
gene-b1682,,,,,,
gene-b0697,,,,,,
gene-b3799,,,,,,
gene-b0134,,,,,,
gene-b3311,,,,,,
gene-b4446,,,,,,
gene-b2742,,,,,,
gene-b0736,,,,,,
gene-b2611,,,,,,
gene-b2767,,,,,,
gene-b4721,,,,,,
gene-b1697,,,,,,
gene-b2244,,,,,,
gene-b1154,,,,,,
gene-b3577,,,,,,
gene-b1978,,,,,,
gene-b1398,,,,,,
gene-b4668,,,,,,
gene-b3258,,,,,,
gene-b4334,,,,,,
gene-b2546,,,,,,
gene-b4577,,,,,,
gene-b1870,,,,,,
gene-b0046,,,,,,
gene-b1746,,,,,,
gene-b1992,,,,,,
gene-T4p271,,,,,,
gene-b2702,,,,,,
gene-T4p091,,,,,,
gene-b0980,,,,,,
gene-T4p139,,,,,,
gene-b2996,,,,,,
gene-b2587,,,,,,
gene-b4710,,,,,,
gene-b4161,,,,,,
gene-b2851,,,,,,
gene-b1528,,,,,,
gene-b2971,,,,,,
gene-T4p032,,,,,,
gene-b0929,,,,,,
gene-b1939,,,,,,
gene-T4p247,,,,,,
gene-b4160,,,,,,
gene-b0190,,,,,,
gene-b2232,,,,,,
gene-b1541,,,,,,
gene-b3188,,,,,,
gene-b1907,,,,,,
gene-b3335,,,,,,
gene-b3549,,,,,,
gene-b3769,,,,,,
gene-b0467,,,,,,
gene-b1561,,,,,,
gene-b3400,,,,,,
gene-b3885,,,,,,
gene-b2955,,,,,,
gene-b0449,,,,,,
gene-b4311,,,,,,
gene-b4287,,,,,,
gene-b0346,,,,,,
gene-b4065,,,,,,
gene-b0743,,,,,,
gene-b0897,,,,,,
gene-b3005,,,,,,
gene-b4128,,,,,,
gene-T4p191,,,,,,
gene-b1019,,,,,,
gene-b3487,,,,,,
gene-b4416,,,,,,
gene-b3410,,,,,,
gene-b3911,,,,,,
gene-b0026,,,,,,
gene-b4377,,,,,,
gene-b0337,,,,,,
gene-b1024,,,,,,
gene-T4p222,,,,,,
gene-b2934,,,,,,
gene-b3818,,,,,,
gene-b4168,,,,,,
gene-T4p082,,,,,,
gene-b0217,,,,,,
gene-b1707,,,,,,
gene-T4p129,,,,,,
gene-b3169,,,,,,
gene-b1032,,,,,,
gene-b1167,,,,,,
gene-b4345,,,,,,
gene-b3590,,,,,,
gene-T4p248,,,,,,
gene-b2545,,,,,,
gene-b2910,,,,,,
gene-b4407,,,,,,
gene-b3180,,,,,,
gene-b3193,,,,,,
gene-b3155,,,,,,
gene-b3798,,,,,,
gene-b3464,,,,,,
gene-b2336,,,,,,
gene-b1331,,,,,,
gene-b0367,,,,,,
gene-b0325,,,,,,
gene-b4261,,,,,,
gene-b0978,,,,,,
gene-b2192,,,,,,
gene-b4550,,,,,,
gene-T4p097,,,,,,
gene-b2128,,,,,,
gene-b2799,,,,,,
gene-b4815,,,,,,
gene-b3715,,,,,,
gene-b0933,,,,,,
gene-b1264,,,,,,
gene-b0096,,,,,,
gene-b1808,,,,,,
gene-b1821,,,,,,
gene-b3438,,,,,,
gene-b1263,,,,,,
gene-b4258,,,,,,
gene-b4348,,,,,,
gene-b0455,,,,,,
gene-b1839,,,,,,
gene-T4p012,,,,,,
gene-b0907,,,,,,
gene-b4185,,,,,,
gene-b3912,,,,,,
gene-b1953,,,,,,
gene-b4197,,,,,,
gene-b1845,,,,,,
gene-b1441,,,,,,
gene-b2897,,,,,,
gene-b3089,,,,,,
gene-b3583,,,,,,
gene-T4p016,,,,,,
gene-b0633,,,,,,
gene-b0660,,,,,,
gene-b2536,,,,,,
gene-b2075,,,,,,
gene-b0188,,,,,,
gene-b0621,,,,,,
gene-b4567,,,,,,
gene-b2049,,,,,,
gene-b3097,,,,,,
gene-b2148,,,,,,
gene-b0180,,,,,,
gene-b2618,,,,,,
gene-b2806,,,,,,
gene-b2603,,,,,,
gene-b3070,,,,,,
gene-b3359,,,,,,
gene-b1440,,,,,,
gene-b3696,,,,,,
gene-b3310,,,,,,
gene-b1583,,,,,,
gene-b0559,,,,,,
gene-b1753,,,,,,
gene-b3609,,,,,,
gene-b3494,,,,,,
gene-b3211,,,,,,
gene-T4t008,,,,,,
gene-b0802,,,,,,
gene-b1835,,,,,,
gene-b1145,,,,,,
gene-b1983,,,,,,
gene-b4362,,,,,,
gene-b1094,,,,,,
gene-b2860,,,,,,
gene-b4203,,,,,,
gene-b4417,,,,,,
gene-b4637,,,,,,
gene-b3468,,,,,,
gene-b1060,,,,,,
gene-b2830,,,,,,
gene-b2976,,,,,,
gene-b2466,,,,,,
gene-b1476,,,,,,
gene-b4089,,,,,,
gene-b1139,,,,,,
gene-b3021,,,,,,
gene-b4200,,,,,,
gene-b2638,,,,,,
gene-b0675,,,,,,
gene-b0451,,,,,,
gene-b3137,,,,,,
gene-b1454,,,,,,
gene-b3347,,,,,,
gene-b1199,,,,,,
gene-b1453,,,,,,
gene-b1248,,,,,,
gene-b0552,,,,,,
gene-b2937,,,,,,
gene-b3500,,,,,,
gene-T4p227,,,,,,
gene-T4p047,,,,,,
gene-b1831,,,,,,
gene-b1078,,,,,,
gene-b0386,,,,,,
gene-b0925,,,,,,
gene-b2597,,,,,,
gene-b0566,,,,,,
gene-b1803,,,,,,
gene-T4p174,,,,,,
gene-b3087,,,,,,
gene-b2110,,,,,,
gene-b2143,,,,,,
gene-b3461,,,,,,
gene-b1842,,,,,,
gene-b1007,,,,,,
gene-b1182,,,,,,
gene-b4807,,,,,,
gene-b4156,,,,,,
gene-b3358,,,,,,
gene-T4p122,,,,,,
gene-b4093,,,,,,
gene-b0727,,,,,,
gene-b3101,,,,,,
gene-b1854,,,,,,
gene-T4p148,,,,,,
gene-b2782,,,,,,
gene-b0531,,,,,,
gene-b3561,,,,,,
gene-b1343,,,,,,
gene-b1187,,,,,,
gene-b1189,,,,,,
gene-T4p056,,,,,,
gene-b0687,,,,,,
gene-T4p112,,,,,,
gene-b0579,,,,,,
gene-b1591,,,,,,
gene-b0589,,,,,,
gene-b1092,,,,,,
gene-b3255,,,,,,
gene-T4p178,,,,,,
gene-b2785,,,,,,
gene-b4740,,,,,,
gene-b1211,,,,,,
gene-b1144,,,,,,
gene-b1688,,,,,,
gene-b2145,,,,,,
gene-b0750,,,,,,
gene-T4s002,,,,,,
gene-b2732,,,,,,
gene-b4321,,,,,,
gene-b4358,,,,,,
gene-b4601,,,,,,
gene-b4788,,,,,,
gene-b3455,,,,,,
gene-b2944,,,,,,
gene-b4463,,,,,,
gene-b0950,,,,,,
gene-b2241,,,,,,
gene-b2524,,,,,,
gene-b2458,,,,,,
gene-b2706,,,,,,
gene-b1717,,,,,,
gene-b3158,,,,,,
gene-b4678,,,,,,
gene-b2867,,,,,,
gene-b4676,,,,,,
gene-b3412,,,,,,
gene-b1227,,,,,,
gene-b3379,,,,,,
gene-b0989,,,,,,
gene-b1285,,,,,,
gene-b2784,,,,,,
gene-b2775,,,,,,
gene-b3985,,,,,,
gene-b1127,,,,,,
gene-b3295,,,,,,
gene-b3838,,,,,,
gene-b4192,,,,,,
gene-b4378,,,,,,
gene-b0956,,,,,,
gene-b3657,,,,,,
gene-b4830,,,,,,
gene-b4423,,,,,,
gene-b1750,,,,,,
gene-b4110,,,,,,
gene-b3506,,,,,,
gene-b3183,,,,,,
gene-b2208,,,,,,
gene-b1940,,,,,,
gene-b2327,,,,,,
gene-b4675,,,,,,
gene-b0071,,,,,,
gene-T4p045,,,,,,
gene-b0061,,,,,,
gene-T4p238,,,,,,
gene-b4396,,,,,,
gene-b3165,,,,,,
gene-b0551,,,,,,
gene-b1918,,,,,,
gene-b2344,,,,,,
gene-b2432,,,,,,
gene-b0432,,,,,,
gene-b2585,,,,,,
gene-T4p136,,,,,,
gene-b3415,,,,,,
gene-b3530,,,,,,
gene-b3805,,,,,,
gene-b0543,,,,,,
gene-b0758,,,,,,
gene-b3903,,,,,,
gene-b3919,,,,,,
gene-b3961,,,,,,
gene-b0225,,,,,,
gene-b2318,,,,,,
gene-b4273,,,,,,
gene-b1455,,,,,,
gene-b0424,,,,,,
gene-b3467,,,,,,
gene-b4596,,,,,,
gene-b4060,,,,,,
gene-b1120,,,,,,
gene-b3929,,,,,,
gene-b4299,,,,,,
gene-T4p087,,,,,,
gene-b1250,,,,,,
gene-b1908,,,,,,
gene-b2997,,,,,,
gene-b0345,,,,,,
gene-b2124,,,,,,
gene-b2415,,,,,,
gene-T4p117,,,,,,
gene-b0673,,,,,,
gene-b0323,,,,,,
gene-b1434,,,,,,
gene-b3754,,,,,,
gene-b0128,,,,,,
gene-b1164,,,,,,
gene-b4735,,,,,,
gene-b3054,,,,,,
gene-b1321,,,,,,
gene-b0827,,,,,,
gene-b1596,,,,,,
gene-b4255,,,,,,
gene-b2531,,,,,,
gene-b4154,,,,,,
gene-b2869,,,,,,
gene-b1683,,,,,,
gene-b0223,,,,,,
gene-b0154,,,,,,
gene-b0791,,,,,,
gene-b1165,,,,,,
gene-b3915,,,,,,
gene-b2436,,,,,,
gene-b1041,,,,,,
gene-b3667,,,,,,
gene-b1785,,,,,,
gene-b0974,,,,,,
gene-b4043,,,,,,
gene-b0343,,,,,,
gene-b2642,,,,,,
gene-b2924,,,,,,
gene-b4111,,,,,,
gene-b4136,,,,,,
gene-b0095,,,,,,
gene-b4804,,,,,,
gene-T4p209,,,,,,
gene-b4832,,,,,,
gene-b0145,,,,,,
gene-b0754,,,,,,
gene-b3760,,,,,,
gene-b3925,,,,,,
gene-b4470,,,,,,
gene-b0713,,,,,,
gene-b2691,,,,,,
gene-b3918,,,,,,
gene-b0689,,,,,,
gene-b2211,,,,,,
gene-b4356,,,,,,
gene-b1056,,,,,,
gene-b3271,,,,,,
gene-b0909,,,,,,
gene-b3533,,,,,,
gene-b2155,,,,,,
gene-b2306,,,,,,
gene-b4208,,,,,,
gene-b4467,,,,,,
gene-b0393,,,,,,
gene-b3332,,,,,,
gene-b0702,,,,,,
gene-b3689,,,,,,
gene-b4020,,,,,,
gene-b1676,,,,,,
gene-b1952,,,,,,
gene-b0561,,,,,,
gene-b2905,,,,,,
gene-b4688,,,,,,
gene-b1013,,,,,,
gene-b3060,,,,,,
gene-b3993,,,,,,
gene-b2468,,,,,,
gene-b4539,,,,,,
gene-b3287,,,,,,
gene-b3716,,,,,,
gene-b3511,,,,,,
gene-b0150,,,,,,
gene-b0835,,,,,,
gene-b3794,,,,,,
gene-b1347,,,,,,
gene-b0331,,,,,,
gene-b4785,,,,,,
gene-b1833,,,,,,
gene-b1330,,,,,,
gene-T4p258,,,,,,
gene-b4075,,,,,,
gene-b3967,,,,,,
gene-b3835,,,,,,
gene-b2670,,,,,,
gene-b0735,,,,,,
gene-b1916,,,,,,
gene-b1451,,,,,,
gene-b1858,,,,,,
gene-b4178,,,,,,
gene-b1332,,,,,,
gene-b0786,,,,,,
gene-T4p264,,,,,,
gene-b1469,,,,,,
gene-b2044,,,,,,
gene-b4041,,,,,,
gene-b0307,,,,,,
gene-T4p260,,,,,,
gene-b2942,,,,,,
gene-b2108,,,,,,
gene-b0277,,,,,,
gene-b3338,,,,,,
gene-b1245,,,,,,
gene-b1521,,,,,,
gene-b1289,,,,,,
gene-b3149,,,,,,
gene-T4p223,,,,,,
gene-b0935,,,,,,
gene-b1520,,,,,,
gene-b2257,,,,,,
gene-b2949,,,,,,
gene-b1692,,,,,,
gene-b2403,,,,,,
gene-b3061,,,,,,
gene-T4p048,,,,,,
gene-b2870,,,,,,
gene-b2285,,,,,,
gene-b2308,,,,,,
gene-b2863,,,,,,
gene-b0607,,,,,,
gene-b2026,,,,,,
gene-b0766,,,,,,
gene-b1160,,,,,,
gene-b1029,,,,,,
gene-b3045,,,,,,
gene-b4199,,,,,,
gene-b0866,,,,,,
gene-b1621,,,,,,
gene-b0002,,,,,,
gene-b4328,,,,,,
gene-b0704,,,,,,
gene-b2146,,,,,,
gene-b1632,,,,,,
gene-b0878,,,,,,
gene-T4p133,,,,,,
gene-T4p210,,,,,,
gene-b2188,,,,,,
gene-b0569,,,,,,
gene-b3653,,,,,,
gene-b4240,,,,,,
gene-b3618,,,,,,
gene-b3196,,,,,,
gene-T4p060,,,,,,
gene-b1500,,,,,,
gene-b4055,,,,,,
gene-b4157,,,,,,
gene-b1960,,,,,,
gene-b2167,,,,,,
gene-b1326,,,,,,
gene-b4480,,,,,,
gene-T4p175,,,,,,
gene-b1865,,,,,,
gene-b1064,,,,,,
gene-b1526,,,,,,
gene-b1535,,,,,,
gene-b1352,,,,,,
gene-b0688,,,,,,
gene-b4760,,,,,,
gene-b0804,,,,,,
gene-b1922,,,,,,
gene-b2622,,,,,,
gene-b3283,,,,,,
gene-b2647,,,,,,
gene-b0959,,,,,,
gene-b4181,,,,,,
gene-b0617,,,,,,
gene-b4737,,,,,,
gene-b2839,,,,,,
gene-b0077,,,,,,
gene-b0614,,,,,,
gene-b4475,,,,,,
gene-T4s001,,,,,,
gene-b0797,,,,,,
gene-b2512,,,,,,
gene-T4p040,,,,,,
gene-b3624,,,,,,
gene-b1353,,,,,,
gene-b0092,,,,,,
gene-b0678,,,,,,
gene-b3950,,,,,,
gene-b4227,,,,,,
gene-b0681,,,,,,
gene-b2062,,,,,,
gene-b2136,,,,,,
gene-b0856,,,,,,
gene-b2891,,,,,,
gene-b2827,,,,,,
gene-b2153,,,,,,
gene-b3042,,,,,,
gene-b1702,,,,,,
gene-b0004,,,,,,
gene-b0131,,,,,,
gene-b1491,,,,,,
gene-T4p123,,,,,,
gene-b2219,,,,,,
gene-b3439,,,,,,
gene-b4265,,,,,,
gene-b4252,,,,,,
gene-b4033,,,,,,
gene-b2475,,,,,,
gene-b3291,,,,,,
gene-T4t005,,,,,,
gene-b0997,,,,,,
gene-b3872,,,,,,
gene-b2272,,,,,,
gene-b1976,,,,,,
gene-b1265,,,,,,
gene-b2281,,,,,,
gene-b3363,,,,,,
gene-b2990,,,,,,
gene-b0271,,,,,,
gene-b3381,,,,,,
gene-b4473,,,,,,
gene-T4p058,,,,,,
gene-b0363,,,,,,
gene-b0108,,,,,,
gene-b0692,,,,,,
gene-b4302,,,,,,
gene-b1844,,,,,,
gene-b0246,,,,,,
gene-b4456,,,,,,
gene-b2229,,,,,,
gene-b2454,,,,,,
gene-b0463,,,,,,
gene-b3288,,,,,,
gene-b2209,,,,,,
gene-b0430,,,,,,
gene-b2005,,,,,,
gene-b1370,,,,,,
gene-b4022,,,,,,
gene-T4p164,,,,,,
gene-b2169,,,,,,
gene-b3788,,,,,,
gene-b3146,,,,,,
gene-b1810,,,,,,
gene-b0103,,,,,,
gene-b0787,,,,,,
gene-b2303,,,,,,
gene-b4784,,,,,,
gene-b2710,,,,,,
gene-b1797,,,,,,
gene-b2497,,,,,,
gene-b3406,,,,,,
gene-T4p265,,,,,,
gene-b3830,,,,,,
gene-b3355,,,,,,
gene-b1036,,,,,,
gene-b0901,,,,,,
gene-b1346,,,,,,
gene-b2752,,,,,,
gene-b4835,,,,,,
gene-T4p102,,,,,,
gene-b3442,,,,,,
gene-b4733,,,,,,
gene-b2101,,,,,,
gene-T4p270,,,,,,
gene-b0585,,,,,,
gene-b2226,,,,,,
gene-b0305,,,,,,
gene-b0357,,,,,,
gene-b0973,,,,,,
gene-b1176,,,,,,
gene-b3665,,,,,,
gene-b1631,,,,,,
gene-b2539,,,,,,
gene-b4165,,,,,,
gene-b3414,,,,,,
gene-b4027,,,,,,
gene-b1815,,,,,,
gene-b3529,,,,,,
gene-b0443,,,,,,
gene-T4p170,,,,,,
gene-b2552,,,,,,
gene-b3027,,,,,,
gene-b4326,,,,,,
gene-b1593,,,,,,
gene-b3748,,,,,,
gene-b4384,,,,,,
gene-b2660,,,,,,
gene-b2688,,,,,,
gene-b0921,,,,,,
gene-b2152,,,,,,
gene-b0066,,,,,,
gene-b0231,,,,,,
gene-b4315,,,,,,
gene-b2451,,,,,,
gene-b0339,,,,,,
gene-b1680,,,,,,
gene-b0828,,,,,,
gene-b2625,,,,,,
gene-b1124,,,,,,
gene-T4p046,,,,,,
gene-b0800,,,,,,
gene-b3404,,,,,,
gene-b2004,,,,,,
gene-b4230,,,,,,
gene-b0647,,,,,,
gene-b1229,,,,,,
gene-b2265,,,,,,
gene-b1054,,,,,,
gene-b4054,,,,,,
gene-b1856,,,,,,
gene-b4189,,,,,,
gene-b4316,,,,,,
gene-b4062,,,,,,
gene-b0146,,,,,,
gene-b3411,,,,,,
gene-b0851,,,,,,
gene-b1433,,,,,,
gene-b4538,,,,,,
gene-b2735,,,,,,
gene-b0018,,,,,,
gene-b2441,,,,,,
gene-b1140,,,,,,
gene-b1609,,,,,,
gene-b2233,,,,,,
gene-b0597,,,,,,
gene-b2662,,,,,,
gene-b0123,,,,,,
gene-b1864,,,,,,
gene-b0125,,,,,,
gene-b4774,,,,,,
gene-b2205,,,,,,
gene-T4p017,,,,,,
gene-b2890,,,,,,
gene-b1672,,,,,,
gene-b1643,,,,,,
gene-b3571,,,,,,
gene-T4p212,,,,,,
gene-b3825,,,,,,
gene-b4046,,,,,,
gene-b0695,,,,,,
gene-b3049,,,,,,
gene-T4p152,,,,,,
gene-b4726,,,,,,
gene-b2437,,,,,,
gene-b1685,,,,,,
gene-b1779,,,,,,
gene-b3265,,,,,,
gene-b2708,,,,,,
gene-b4457,,,,,,
gene-b3456,,,,,,
gene-b4079,,,,,,
gene-b0406,,,,,,
gene-b0636,,,,,,
gene-b0880,,,,,,
gene-b3148,,,,,,
gene-T4p002,,,,,,
gene-b3385,,,,,,
gene-b2534,,,,,,
gene-b1625,,,,,,
gene-b0187,,,,,,
gene-b4070,,,,,,
gene-b2675,,,,,,
gene-b4666,,,,,,
gene-b1015,,,,,,
gene-b4369,,,,,,
gene-b4687,,,,,,
gene-b4613,,,,,,
gene-b1091,,,,,,
gene-b2687,,,,,,
gene-T4p239,,,,,,
gene-b3673,,,,,,
gene-b4829,,,,,,
gene-b2511,,,,,,
gene-b3256,,,,,,
gene-b0251,,,,,,
gene-b3596,,,,,,
gene-b3185,,,,,,
gene-b3499,,,,,,
gene-b4837,,,,,,
gene-b4518,,,,,,
gene-b1801,,,,,,
gene-b2800,,,,,,
gene-b4074,,,,,,
gene-b2216,,,,,,
gene-b2477,,,,,,
gene-b0584,,,,,,
gene-b4445,,,,,,
gene-b0610,,,,,,
gene-b1882,,,,,,
gene-b1126,,,,,,
gene-T4p110,,,,,,
gene-b2328,,,,,,
gene-T4p204,,,,,,
gene-b2333,,,,,,
gene-b3032,,,,,,
gene-b3031,,,,,,
gene-b0527,,,,,,
gene-b2872,,,,,,
gene-b3890,,,,,,
gene-b1699,,,,,,
gene-b0532,,,,,,
gene-b1830,,,,,,
gene-b1956,,,,,,
gene-b1544,,,,,,
gene-b3128,,,,,,
gene-b0764,,,,,,
gene-b1825,,,,,,
gene-b4398,,,,,,
gene-b4420,,,,,,
gene-b3317,,,,,,
gene-T4p062,,,,,,
gene-b0338,,,,,,
gene-b0720,,,,,,
gene-b1619,,,,,,
gene-b2472,,,,,,
gene-b0944,,,,,,
gene-b2118,,,,,,
gene-b3043,,,,,,
gene-b2245,,,,,,
gene-b4820,,,,,,
gene-b0832,,,,,,
gene-b1876,,,,,,
gene-b3597,,,,,,
gene-b0244,,,,,,
gene-b1100,,,,,,
gene-b0961,,,,,,
gene-b4354,,,,,,
gene-b2389,,,,,,
gene-b4237,,,,,,
gene-b1003,,,,,,
gene-b2082,,,,,,
gene-b2737,,,,,,
gene-b1220,,,,,,
gene-b0076,,,,,,
gene-b0717,,,,,,
gene-b2069,,,,,,
gene-b0912,,,,,,
gene-b0477,,,,,,
gene-b2078,,,,,,
gene-T4p219,,,,,,
gene-b1855,,,,,,
gene-b3337,,,,,,
gene-b2102,,,,,,
gene-b1703,,,,,,
gene-b1787,,,,,,
gene-b0986,,,,,,
gene-b1292,,,,,,
gene-b4172,,,,,,
gene-b0504,,,,,,
gene-b0328,,,,,,
gene-b4135,,,,,,
gene-b3129,,,,,,
gene-b1969,,,,,,
gene-b1809,,,,,,
gene-b1408,,,,,,
gene-b2137,,,,,,
gene-b1070,,,,,,
gene-b2901,,,,,,
gene-b2953,,,,,,
gene-b1598,,,,,,
gene-b1067,,,,,,
gene-T4p214,,,,,,
gene-b0858,,,,,,
gene-b0818,,,,,,
gene-b1924,,,,,,
gene-b2426,,,,,,
gene-b2986,,,,,,
gene-T4p041,,,,,,
gene-b1339,,,,,,
gene-b3056,,,,,,
gene-b2427,,,,,,
gene-b2849,,,,,,
gene-b0968,,,,,,
gene-b4162,,,,,,
gene-b1194,,,,,,
gene-b0380,,,,,,
gene-b0318,,,,,,
gene-b2210,,,,,,
gene-b2095,,,,,,
gene-b1300,,,,,,
gene-b3522,,,,,,
gene-b0237,,,,,,
gene-b4406,,,,,,
gene-b2399,,,,,,
gene-b2672,,,,,,
gene-b0405,,,,,,
gene-b3225,,,,,,
gene-b3250,,,,,,
gene-b4427,,,,,,
gene-b1843,,,,,,
gene-b3208,,,,,,
gene-b3497,,,,,,
gene-b4084,,,,,,
gene-b1914,,,,,,
gene-b1757,,,,,,
gene-b4270,,,,,,
gene-b1071,,,,,,
gene-b2304,,,,,,
gene-b2601,,,,,,
gene-b0047,,,,,,
gene-b1653,,,,,,
gene-b0299,,,,,,
gene-b2020,,,,,,
gene-b1629,,,,,,
gene-b2743,,,,,,
gene-b0030,,,,,,
gene-b0749,,,,,,
gene-b0848,,,,,,
gene-b4761,,,,,,
gene-b4341,,,,,,
gene-b3941,,,,,,
gene-b4114,,,,,,
gene-b3712,,,,,,
gene-b2912,,,,,,
gene-b3905,,,,,,
gene-b1772,,,,,,
gene-b0565,,,,,,
gene-b3834,,,,,,
gene-b2768,,,,,,
gene-b1796,,,,,,
gene-b4585,,,,,,
gene-b0953,,,,,,
gene-T4p010,,,,,,
gene-b0659,,,,,,
gene-b0428,,,,,,
gene-b4484,,,,,,
gene-b1913,,,,,,
gene-b3237,,,,,,
gene-b0536,,,,,,
gene-b3434,,,,,,
gene-T4p024,,,,,,
gene-b3458,,,,,,
gene-b1752,,,,,,
gene-b0641,,,,,,
gene-T4p018,,,,,,
gene-b1082,,,,,,
gene-b3678,,,,,,
gene-b0784,,,,,,
gene-b1306,,,,,,
gene-b0264,,,,,,
gene-b1963,,,,,,
gene-b2140,,,,,,
gene-T4p220,,,,,,
gene-b0412,,,,,,
gene-b0592,,,,,,
gene-b2987,,,,,,
gene-b3891,,,,,,
gene-b1287,,,,,,
gene-b2423,,,,,,
gene-b4724,,,,,,
gene-b3888,,,,,,
gene-b0540,,,,,,
gene-b2103,,,,,,
gene-b4099,,,,,,
gene-b2500,,,,,,
gene-b1053,,,,,,
gene-b2129,,,,,,
gene-b1428,,,,,,
gene-T4p114,,,,,,
gene-b0732,,,,,,
gene-b1202,,,,,,
gene-b0073,,,,,,
gene-b4478,,,,,,
gene-b2150,,,,,,
gene-b2650,,,,,,
gene-b4088,,,,,,
gene-b0721,,,,,,
gene-T4p275,,,,,,
gene-b1649,,,,,,
gene-b0045,,,,,,
gene-b0317,,,,,,
gene-b3995,,,,,,
gene-b2998,,,,,,
gene-b4673,,,,,,
gene-b0677,,,,,,
gene-b3981,,,,,,
gene-T4p140,,,,,,
gene-b0886,,,,,,
gene-b3867,,,,,,
gene-b1481,,,,,,
gene-b1562,,,,,,
gene-T4p094,,,,,,
gene-b0479,,,,,,
gene-b4069,,,,,,
gene-b0157,,,,,,
gene-b4541,,,,,,
gene-b1971,,,,,,
gene-b1673,,,,,,
gene-b2965,,,,,,
gene-b3588,,,,,,
gene-b4436,,,,,,
gene-b2030,,,,,,
gene-b1079,,,,,,
gene-b3160,,,,,,
gene-T4p149,,,,,,
gene-b1429,,,,,,
gene-b1375,,,,,,
gene-b2301,,,,,,
gene-b2807,,,,,,
gene-b3846,,,,,,
gene-b3215,,,,,,
gene-b0054,,,,,,
gene-b0492,,,,,,
gene-b1452,,,,,,
gene-b0038,,,,,,
gene-b2795,,,,,,
gene-b1350,,,,,,
gene-b4818,,,,,,
gene-b3820,,,,,,
gene-b2243,,,,,,
gene-b3704,,,,,,
gene-b0466,,,,,,
gene-b4720,,,,,,
gene-b2307,,,,,,
gene-b4455,,,,,,
gene-b2367,,,,,,
gene-b4374,,,,,,
gene-b4246,,,,,,
gene-b3162,,,,,,
gene-b3353,,,,,,
gene-b4191,,,,,,
gene-b1826,,,,,,
gene-b2729,,,,,,
gene-b3172,,,,,,
gene-b0226,,,,,,
gene-b1471,,,,,,
gene-b1279,,,,,,
gene-b2963,,,,,,
gene-b2831,,,,,,
gene-b4298,,,,,,
gene-T4p171,,,,,,
gene-b1277,,,,,,
gene-b0465,,,,,,
gene-b2731,,,,,,
gene-b0399,,,,,,
gene-T4p155,,,,,,
gene-b0794,,,,,,
gene-b0376,,,,,,
gene-b4425,,,,,,
gene-b2592,,,,,,
gene-b0208,,,,,,
gene-b3817,,,,,,
gene-b1129,,,,,,
gene-b0382,,,,,,
gene-b1525,,,,,,
gene-b1206,,,,,,
gene-b1348,,,,,,
gene-b1479,,,,,,
gene-b2085,,,,,,
gene-b0620,,,,,,
gene-b3966,,,,,,
gene-b3040,,,,,,
gene-b1606,,,,,,
gene-b1729,,,,,,
gene-b2113,,,,,,
gene-b1195,,,,,,
gene-b1766,,,,,,
gene-b2751,,,,,,
gene-b2917,,,,,,
gene-b4000,,,,,,
gene-b3747,,,,,,
gene-b0914,,,,,,
gene-b0448,,,,,,
gene-b0413,,,,,,
gene-b2989,,,,,,
gene-b4048,,,,,,
gene-b4239,,,,,,
gene-b1691,,,,,,
gene-b4389,,,,,,
gene-b4387,,,,,,
gene-b4793,,,,,,
gene-b1427,,,,,,
gene-b4743,,,,,,
gene-b2480,,,,,,
gene-b0884,,,,,,
gene-T4p211,,,,,,
gene-b2584,,,,,,
gene-b3130,,,,,,
gene-b0170,,,,,,
gene-b2796,,,,,,
gene-b2972,,,,,,
gene-b3484,,,,,,
gene-b0148,,,,,,
gene-b2223,,,,,,
gene-b0775,,,,,,
gene-b2411,,,,,,
gene-b4032,,,,,,
gene-b4715,,,,,,
gene-T4p037,,,,,,
gene-b3936,,,,,,
gene-b0234,,,,,,
gene-b0233,,,,,,
gene-b0239,,,,,,
gene-b4410,,,,,,
gene-b2981,,,,,,
gene-b4751,,,,,,
gene-b4749,,,,,,
gene-b0567,,,,,,
gene-b2697,,,,,,
gene-b2231,,,,,,
gene-T4p020,,,,,,
gene-b1904,,,,,,
gene-b2010,,,,,,
gene-b3671,,,,,,
gene-b1377,,,,,,
gene-b1519,,,,,,
gene-b3977,,,,,,
gene-b3314,,,,,,
gene-b1360,,,,,,
gene-b1203,,,,,,
gene-b0853,,,,,,
gene-b0928,,,,,,
gene-b2865,,,,,,
gene-b1327,,,,,,
gene-b3154,,,,,,
gene-b2039,,,,,,
gene-b1236,,,,,,
gene-b2925,,,,,,
gene-b0686,,,,,,
gene-b2372,,,,,,
gene-b2000,,,,,,
gene-b1802,,,,,,
gene-b2499,,,,,,
gene-b3082,,,,,,
gene-b2787,,,,,,
gene-b0241,,,,,,
gene-b0716,,,,,,
gene-b0402,,,,,,
gene-b0992,,,,,,
gene-b0603,,,,,,
gene-b1546,,,,,,
gene-b3899,,,,,,
gene-b1527,,,,,,
gene-b0789,,,,,,
gene-b0011,,,,,,
gene-b0676,,,,,,
gene-b3233,,,,,,
gene-b3601,,,,,,
gene-b1968,,,,,,
gene-b1590,,,,,,
gene-b1738,,,,,,
gene-b0813,,,,,,
gene-b2711,,,,,,
gene-b3164,,,,,,
gene-b4320,,,,,,
gene-b1251,,,,,,
gene-b4846,,,,,,
gene-b4783,,,,,,
gene-b3849,,,,,,
gene-T4p128,,,,,,
gene-b1782,,,,,,
gene-b1006,,,,,,
gene-b2054,,,,,,
gene-b3194,,,,,,
gene-b4426,,,,,,
gene-b1283,,,,,,
gene-b1584,,,,,,
gene-b0010,,,,,,
gene-b2746,,,,,,
gene-b0183,,,,,,
gene-b1039,,,,,,
gene-b0098,,,,,,
gene-b1119,,,,,,
gene-b3666,,,,,,
gene-b2713,,,,,,
gene-b1847,,,,,,
gene-b3987,,,,,,
gene-b4138,,,,,,
gene-b4080,,,,,,
gene-b4167,,,,,,
gene-b1304,,,,,,
gene-b0311,,,,,,
gene-b3553,,,,,,
gene-b3836,,,,,,
gene-b0029,,,,,,
gene-b2269,,,,,,
gene-b4409,,,,,,
gene-b0799,,,,,,
gene-b3998,,,,,,
gene-b1585,,,,,,
gene-b3706,,,,,,
gene-b4565,,,,,,
gene-b0947,,,,,,
gene-b3545,,,,,,
gene-b2614,,,,,,
gene-b0796,,,,,,
gene-b2284,,,,,,
gene-b1424,,,,,,
gene-b1536,,,,,,
gene-b1540,,,,,,
gene-b2402,,,,,,
gene-b3083,,,,,,
gene-b4520,,,,,,
gene-b0682,,,,,,
gene-b4701,,,,,,
gene-b1181,,,,,,
gene-b2081,,,,,,
gene-b1356,,,,,,
gene-b4822,,,,,,
gene-b1298,,,,,,
gene-b1892,,,,,,
gene-b2149,,,,,,
gene-T4p100,,,,,,
gene-b3802,,,,,,
gene-b0159,,,,,,
gene-b2557,,,,,,
gene-b0710,,,,,,
gene-b1495,,,,,,
gene-b3569,,,,,,
gene-b3141,,,,,,
gene-b3928,,,,,,
gene-b1344,,,,,,
gene-b1866,,,,,,
gene-b2582,,,,,,
gene-b2176,,,,,,
gene-b4342,,,,,,
gene-b4248,,,,,,
gene-T4p193,,,,,,
gene-b4537,,,,,,
gene-b3375,,,,,,
gene-b0063,,,,,,
gene-b1061,,,,,,
gene-b2779,,,,,,
gene-b2098,,,,,,
gene-b3427,,,,,,
gene-b3018,,,,,,
gene-b4081,,,,,,
gene-b3550,,,,,,
gene-b4798,,,,,,
gene-T4p190,,,,,,
gene-b0394,,,,,,
gene-b1868,,,,,,
gene-b2390,,,,,,
gene-T4p043,,,,,,
gene-b3691,,,,,,
gene-b0770,,,,,,
gene-b4106,,,,,,
gene-b2449,,,,,,
gene-b0793,,,,,,
gene-b1586,,,,,,
gene-b0069,,,,,,
gene-b4021,,,,,,
gene-b2510,,,,,,
gene-b4424,,,,,,
gene-b1669,,,,,,
gene-b2428,,,,,,
gene-b2290,,,,,,
gene-b1950,,,,,,
gene-b3781,,,,,,
gene-b4481,,,,,,
gene-b0456,,,,,,
gene-b2224,,,,,,
gene-b1645,,,,,,
gene-b1260,,,,,,
gene-b1431,,,,,,
gene-T4p068,,,,,,
gene-b1066,,,,,,
gene-b3003,,,,,,
gene-T4p267,,,,,,
gene-b1951,,,,,,
gene-b0348,,,,,,
gene-b1307,,,,,,
gene-b0199,,,,,,
gene-b0099,,,,,,
gene-b0841,,,,,,
gene-T4p095,,,,,,
gene-b1317,,,,,,
gene-b4314,,,,,,
gene-b3784,,,,,,
gene-b4394,,,,,,
gene-b1633,,,,,,
gene-b2842,,,,,,
gene-b0083,,,,,,
gene-b0747,,,,,,
gene-b3062,,,,,,
gene-b0179,,,,,,
gene-b3795,,,,,,
gene-b3909,,,,,,
gene-b0301,,,,,,
gene-b3304,,,,,,
gene-b1663,,,,,,
gene-b1709,,,,,,
gene-b1179,,,,,,
gene-b0353,,,,,,
gene-T4p063,,,,,,
gene-b4118,,,,,,
gene-b3976,,,,,,
gene-b3858,,,,,,
gene-b1530,,,,,,
gene-b2633,,,,,,
gene-b2893,,,,,,
gene-b2407,,,,,,
gene-b3708,,,,,,
gene-b1895,,,,,,
gene-b2528,,,,,,
gene-b2968,,,,,,
gene-b3077,,,,,,
gene-b0664,,,,,,
gene-b1216,,,,,,
gene-b3844,,,,,,
gene-b0276,,,,,,
gene-b2880,,,,,,
gene-b0616,,,,,,
gene-b1813,,,,,,
gene-b3949,,,,,,
gene-b0326,,,,,,
gene-b1604,,,,,,
gene-b4005,,,,,,
gene-b4689,,,,,,
gene-b1798,,,,,,
gene-b4706,,,,,,
gene-b3989,,,,,,
gene-b0627,,,,,,
gene-b0679,,,,,,
gene-b2251,,,,,,
gene-T4p158,,,,,,
gene-b0272,,,,,,
gene-b1085,,,,,,
gene-b4747,,,,,,
gene-b1728,,,,,,
gene-b1605,,,,,,
gene-b3938,,,,,,
gene-b0987,,,,,,
gene-b2014,,,,,,
gene-b3709,,,,,,
gene-b0470,,,,,,
gene-b2200,,,,,,
gene-b3663,,,,,,
gene-b1446,,,,,,
gene-T4p188,,,,,,
gene-b1191,,,,,,
gene-b2547,,,,,,
gene-b3038,,,,,,
gene-b2195,,,,,,
gene-b2698,,,,,,
gene-b4105,,,,,,
gene-b1949,,,,,,
gene-b3346,,,,,,
gene-b3761,,,,,,
gene-b4218,,,,,,
gene-b2889,,,,,,
gene-b3525,,,,,,
gene-b2317,,,,,,
gene-b3725,,,,,,
gene-b0555,,,,,,
gene-b3749,,,,,,
gene-b3424,,,,,,
gene-T4p162,,,,,,
gene-b3296,,,,,,
gene-b0843,,,,,,
gene-b1400,,,,,,
gene-b2028,,,,,,
gene-b3270,,,,,,
gene-b3396,,,,,,
gene-b2381,,,,,,
gene-b2692,,,,,,
gene-T4p086,,,,,,
gene-b0160,,,,,,
gene-T4p180,,,,,,
gene-b3034,,,,,,
gene-b1113,,,,,,
gene-b2384,,,,,,
gene-b4277,,,,,,
gene-b4592,,,,,,
gene-b2037,,,,,,
gene-b0287,,,,,,
gene-b0401,,,,,,
gene-b0220,,,,,,
gene-b2558,,,,,,
gene-b0082,,,,,,
gene-b2634,,,,,,
gene-b3382,,,,,,
gene-b4293,,,,,,
gene-b2659,,,,,,
gene-b4842,,,,,,
gene-b1381,,,,,,
gene-T4p232,,,,,,
gene-b0447,,,,,,
gene-b4465,,,,,,
gene-b1284,,,,,,
gene-b2170,,,,,,
gene-b0903,,,,,,
gene-b4797,,,,,,
gene-b1486,,,,,,
gene-T4p203,,,,,,
gene-b0528,,,,,,
gene-b0330,,,,,,
gene-b3369,,,,,,
gene-b3739,,,,,,
gene-b2053,,,,,,
gene-b3652,,,,,,
gene-b4819,,,,,,
gene-b0273,,,,,,
gene-b0460,,,,,,
gene-b0879,,,,,,
gene-b1883,,,,,,
gene-b0899,,,,,,
gene-b3348,,,,,,
gene-b2699,,,,,,
gene-b1118,,,,,,
gene-b4359,,,,,,
gene-b0162,,,,,,
gene-b0560,,,,,,
gene-b1301,,,,,,
gene-b0481,,,,,,
gene-b2911,,,,,,
gene-b0021,,,,,,
gene-b2067,,,,,,
gene-b1572,,,,,,
gene-b4382,,,,,,
gene-b0431,,,,,,
gene-b0642,,,,,,
gene-b3610,,,,,,
gene-b0213,,,,,,
gene-b0618,,,,,,
gene-b3417,,,,,,
gene-b1133,,,,,,
gene-b3612,,,,,,
gene-b4703,,,,,,
gene-b0544,,,,,,
gene-b3450,,,,,,
gene-b4305,,,,,,
gene-b1379,,,,,,
gene-b3051,,,,,,
gene-b0400,,,,,,
gene-b3726,,,,,,
gene-b1186,,,,,,
gene-b3983,,,,,,
gene-b4211,,,,,,
gene-T4p236,,,,,,
gene-b3873,,,,,,
gene-b0882,,,,,,
gene-T4p196,,,,,,
gene-b4330,,,,,,
gene-b4322,,,,,,
gene-b2572,,,,,,
gene-T4p023,,,,,,
gene-b2360,,,,,,
gene-b3037,,,,,,
gene-b0181,,,,,,
gene-b0365,,,,,,
gene-b3293,,,,,,
gene-b4379,,,,,,
gene-b3730,,,,,,
gene-b2331,,,,,,
gene-b3700,,,,,,
gene-b1977,,,,,,
gene-b1048,,,,,,
gene-b1756,,,,,,
gene-b2115,,,,,,
gene-b4014,,,,,,
gene-b2394,,,,,,
gene-b4447,,,,,,
gene-b4786,,,,,,
gene-b2159,,,,,,
gene-b0894,,,,,,
gene-T4p049,,,,,,
gene-b0822,,,,,,
gene-b1788,,,,,,
gene-b1961,,,,,,
gene-b4714,,,,,,
gene-b3262,,,,,,
gene-b2127,,,,,,
gene-b4036,,,,,,
gene-b1310,,,,,,
gene-b0444,,,,,,
gene-b2765,,,,,,
gene-b3958,,,,,,
gene-b1180,,,,,,
gene-b1759,,,,,,
gene-b3488,,,,,,
gene-b3718,,,,,,
gene-b2726,,,,,,
gene-b4187,,,,,,
gene-T4p001,,,,,,
gene-T4p076,,,,,,
gene-b1984,,,,,,
gene-b2086,,,,,,
gene-b3102,,,,,,
gene-b2345,,,,,,
gene-T4p221,,,,,,
gene-b1363,,,,,,
gene-b0129,,,,,,
gene-b3156,,,,,,
gene-b0156,,,,,,
gene-b2459,,,,,,
gene-b1725,,,,,,
gene-b0517,,,,,,
gene-b2048,,,,,,
gene-b1559,,,,,,
gene-b1714,,,,,,
gene-b2130,,,,,,
gene-b4147,,,,,,
gene-b1177,,,,,,
gene-b3856,,,,,,
gene-b2267,,,,,,
gene-b0252,,,,,,
gene-b1763,,,,,,
gene-b2080,,,,,,
gene-b4086,,,,,,
gene-T4p019,,,,,,
gene-b3859,,,,,,
gene-b0291,,,,,,
gene-b0185,,,,,,
gene-b0356,,,,,,
gene-b1288,,,,,,
gene-b0028,,,,,,
gene-b1134,,,,,,
gene-b0334,,,,,,
gene-b0433,,,,,,
gene-b2396,,,,,,
gene-b3462,,,,,,
gene-b4294,,,,,,
gene-b2258,,,,,,
gene-b1467,,,,,,
gene-b2236,,,,,,
gene-b3090,,,,,,
gene-T4p071,,,,,,
gene-b4353,,,,,,
gene-T4p106,,,,,,
gene-b1303,,,,,,
gene-b4278,,,,,,
gene-b0167,,,,,,
gene-b2147,,,,,,
gene-b1531,,,,,,
gene-b0837,,,,,,
gene-b3908,,,,,,
gene-b0498,,,,,,
gene-T4p025,,,,,,
gene-b2175,,,,,,
gene-b0177,,,,,,
gene-T4p132,,,,,,
gene-b3515,,,,,,
gene-b0062,,,,,,
gene-b2274,,,,,,
gene-b3675,,,,,,
gene-b0314,,,,,,
gene-b4219,,,,,,
gene-b3236,,,,,,
gene-b0746,,,,,,
gene-b0768,,,,,,
gene-b0876,,,,,,
gene-b1651,,,,,,
gene-b1403,,,,,,
gene-b1910,,,,,,
gene-T4t004,,,,,,
gene-b0918,,,,,,
gene-b4044,,,,,,
gene-b2595,,,,,,
gene-b2926,,,,,,
gene-b2703,,,,,,
gene-b4806,,,,,,
gene-b2347,,,,,,
gene-b4171,,,,,,
gene-b1204,,,,,,
gene-b1851,,,,,,
gene-b1473,,,,,,
gene-b0988,,,,,,
gene-b1088,,,,,,
gene-b3850,,,,,,
gene-b3106,,,,,,
gene-b4108,,,,,,
gene-b0224,,,,,,
gene-T4p168,,,,,,
gene-b2668,,,,,,
gene-b1816,,,,,,
gene-T4p151,,,,,,
gene-b3745,,,,,,
gene-b1554,,,,,,
gene-b4153,,,,,,
gene-b3906,,,,,,
gene-b1588,,,,,,
gene-b2803,,,,,,
gene-b1556,,,,,,
gene-b2215,,,,,,
gene-b2066,,,,,,
gene-b4011,,,,,,
gene-b1205,,,,,,
gene-b1852,,,,,,
gene-b2810,,,,,,
gene-b3324,,,,,,
gene-b0943,,,,,,
gene-b2629,,,,,,
gene-b1075,,,,,,
gene-b0718,,,,,,
gene-b2051,,,,,,
gene-b0086,,,,,,
gene-b1571,,,,,,
gene-b2266,,,,,,
gene-b2993,,,,,,
gene-b3081,,,,,,
gene-b1122,,,,,,
gene-b4212,,,,,,
gene-T4p011,,,,,,
gene-b0049,,,,,,
gene-b0653,,,,,,
gene-b4324,,,,,,
gene-b3930,,,,,,
gene-b2563,,,,,,
gene-b4184,,,,,,
gene-b3065,,,,,,
gene-b3303,,,,,,
gene-b4163,,,,,,
gene-b3075,,,,,,
gene-b2853,,,,,,
gene-b3685,,,,,,
gene-b2525,,,,,,
gene-b2946,,,,,,
gene-b1063,,,,,,
gene-b0158,,,,,,
gene-b1581,,,,,,
gene-b4825,,,,,,
gene-b4454,,,,,,
gene-b4434,,,,,,
gene-b2254,,,,,,
gene-b3538,,,,,,
gene-b3437,,,,,,
gene-b2526,,,,,,
gene-b0136,,,,,,
gene-b0977,,,,,,
gene-T4p242,,,,,,
gene-b4757,,,,,,
gene-b3449,,,,,,
gene-b3485,,,,,,
gene-b1911,,,,,,
gene-b0210,,,,,,
gene-b4840,,,,,,
gene-b1324,,,,,,
gene-b4527,,,,,,
gene-b1226,,,,,,
gene-b2171,,,,,,
gene-b2132,,,,,,
gene-b1034,,,,,,
gene-b2319,,,,,,
gene-T4p090,,,,,,
gene-b0958,,,,,,
gene-b4224,,,,,,
gene-b2504,,,,,,
gene-b0877,,,,,,
gene-b1686,,,,,,
gene-b2439,,,,,,
gene-b4280,,,,,,
gene-b4669,,,,,,
gene-b3387,,,,,,
gene-b1580,,,,,,
gene-b1213,,,,,,
gene-b1069,,,,,,
gene-b4166,,,,,,
gene-T4p229,,,,,,
gene-b0919,,,,,,
gene-b2966,,,,,,
gene-b0064,,,,,,
gene-T4p205,,,,,,
gene-b4332,,,,,,
gene-b2009,,,,,,
gene-b2365,,,,,,
gene-b1109,,,,,,
gene-b4028,,,,,,
gene-T4p147,,,,,,
gene-b4790,,,,,,
gene-b0670,,,,,,
gene-b2969,,,,,,
gene-b3452,,,,,,
gene-b3548,,,,,,
gene-T4p159,,,,,,
gene-b3737,,,,,,
gene-b1524,,,,,,
gene-b0881,,,,,,
gene-b2261,,,,,,
gene-b0962,,,,,,
gene-b2845,,,,,,
gene-b0917,,,,,,
gene-b1163,,,,,,
gene-b2088,,,,,,
gene-b3668,,,,,,
gene-b3902,,,,,,
gene-b3330,,,,,,
gene-b4515,,,,,,
gene-b1150,,,,,,
gene-b0655,,,,,,
gene-b2045,,,,,,
gene-b0488,,,,,,
gene-b1611,,,,,,
gene-b0845,,,,,,
gene-b3926,,,,,,
gene-b0089,,,,,,
gene-b4725,,,,,,
gene-b2805,,,,,,
gene-b4610,,,,,,
gene-T4p080,,,,,,
gene-b4355,,,,,,
gene-b0078,,,,,,
gene-b1812,,,,,,
gene-b0055,,,,,,
gene-b1985,,,,,,
gene-b2349,,,,,,
gene-b3393,,,,,,
gene-b3662,,,,,,
gene-b2961,,,,,,
gene-b3343,,,,,,
gene-b2665,,,,,,
gene-b3552,,,,,,
gene-b4709,,,,,,
gene-b0120,,,,,,
gene-b2951,,,,,,
gene-b3399,,,,,,
gene-b3085,,,,,,
gene-b1790,,,,,,
gene-b3092,,,,,,
gene-b3320,,,,,,
gene-b4329,,,,,,
gene-b0630,,,,,,
gene-b1090,,,,,,
gene-T4p156,,,,,,
gene-b2501,,,,,,
gene-b0938,,,,,,
gene-b4680,,,,,,
gene-b2316,,,,,,
gene-b1947,,,,,,
gene-b1313,,,,,,
gene-b4712,,,,,,
gene-b3361,,,,,,
gene-b4073,,,,,,
gene-b4019,,,,,,
gene-b0377,,,,,,
gene-b3960,,,,,,
gene-b1394,,,,,,
gene-b3640,,,,,,
gene-b3900,,,,,,
gene-b2606,,,,,,
gene-b2956,,,,,,
gene-b2220,,,,,,
gene-b2683,,,,,,
gene-b2279,,,,,,
gene-b3703,,,,,,
gene-b2332,,,,,,
gene-b4292,,,,,,
gene-b3605,,,,,,
gene-T4p187,,,,,,
gene-b3880,,,,,,
gene-b0368,,,,,,
gene-b4360,,,,,,
gene-b0113,,,,,,
gene-b2530,,,,,,
gene-b2551,,,,,,
gene-b0215,,,,,,
gene-b2505,,,,,,
gene-b2366,,,,,,
gene-b0193,,,,,,
gene-b3059,,,,,,
gene-b0963,,,,,,
gene-b2011,,,,,,
gene-T4p036,,,,,,
gene-T4p088,,,,,,
gene-b4251,,,,,,
gene-b3469,,,,,,
gene-b2406,,,,,,
gene-T4p277,,,,,,
gene-b2988,,,,,,
gene-b0755,,,,,,
gene-b2513,,,,,,
gene-b4109,,,,,,
gene-b3073,,,,,,
gene-b1102,,,,,,
gene-b3341,,,,,,
gene-b3257,,,,,,
gene-b1713,,,,,,
gene-b3232,,,,,,
gene-b0554,,,,,,
gene-b3562,,,,,,
gene-b4620,,,,,,
gene-b3125,,,,,,
gene-b1988,,,,,,
gene-b2567,,,,,,
gene-b3994,,,,,,
gene-b3145,,,,,,
gene-b1675,,,,,,
gene-b4670,,,,,,
gene-b3118,,,,,,
gene-b2914,,,,,,
gene-b1095,,,,,,
gene-b2122,,,,,,
gene-b4057,,,,,,
gene-b0875,,,,,,
gene-b0124,,,,,,
gene-b2483,,,,,,
gene-T4p182,,,,,,
gene-b4385,,,,,,
gene-b0942,,,,,,
gene-T4p141,,,,,,
gene-b1599,,,,,,
gene-b0530,,,,,,
gene-b2709,,,,,,
gene-b2260,,,,,,
gene-b3094,,,,,,
gene-b3173,,,,,,
gene-b2297,,,,,,
gene-b4528,,,,,,
gene-b0197,,,,,,
gene-b2663,,,,,,
gene-b3921,,,,,,
gene-b1925,,,,,,
gene-b1743,,,,,,
gene-b1482,,,,,,
gene-b1749,,,,,,
gene-b3566,,,,,,
gene-b3982,,,,,,
gene-T4p120,,,,,,
gene-b3362,,,,,,
gene-b3824,,,,,,
gene-b1399,,,,,,
gene-b0646,,,,,,
gene-b2160,,,,,,
gene-T4p118,,,,,,
gene-b2068,,,,,,
gene-b2198,,,,,,
gene-T4p034,,,,,,
gene-b4366,,,,,,
gene-b0459,,,,,,
gene-b1762,,,,,,
gene-b1820,,,,,,
gene-b0862,,,,,,
gene-b3201,,,,,,
gene-b0934,,,,,,
gene-b1617,,,,,,
gene-b1065,,,,,,
gene-b0511,,,,,,
gene-b3210,,,,,,
gene-b0638,,,,,,
gene-b0665,,,,,,
gene-b0369,,,,,,
gene-b0497,,,,,,
gene-b0836,,,,,,
gene-b0927,,,,,,
gene-b0524,,,,,,
gene-b3683,,,,,,
gene-b4323,,,,,,
gene-b3475,,,,,,
gene-b1670,,,,,,
gene-b2262,,,,,,
gene-b2342,,,,,,
gene-b1142,,,,,,
gene-b0920,,,,,,
gene-b1432,,,,,,
gene-b2293,,,,,,
gene-b2879,,,,,,
gene-b3243,,,,,,
gene-b3887,,,,,,
gene-b0829,,,,,,
gene-T4p243,,,,,,
gene-b4768,,,,,,
gene-b1871,,,,,,
gene-b1696,,,,,,
gene-b2312,,,,,,
gene-b2959,,,,,,
gene-b3107,,,,,,
gene-b4015,,,,,,
gene-b2488,,,,,,
gene-b1704,,,,,,
gene-b4525,,,,,,
gene-b2059,,,,,,
gene-b1727,,,,,,
gene-b0546,,,,,,
gene-b3063,,,,,,
gene-b1158,,,,,,
gene-b2741,,,,,,
gene-b3197,,,,,,
gene-b3800,,,,,,
gene-b1166,,,,,,
gene-b4705,,,,,,
gene-b2476,,,,,,
gene-b3280,,,,,,
gene-b0013,,,,,,
gene-b2047,,,,,,
gene-b3284,,,,,,
gene-b0446,,,,,,
gene-b1618,,,,,,
gene-b3491,,,,,,
gene-b1805,,,,,,
gene-b2835,,,,,,
gene-b3266,,,,,,
gene-b4058,,,,,,
gene-b2310,,,,,,
gene-b3629,,,,,,
gene-b2907,,,,,,
gene-b3446,,,,,,
gene-b0070,,,,,,
gene-b3012,,,,,,
gene-b0336,,,,,,
gene-b0833,,,,,,
gene-b3147,,,,,,
gene-b2354,,,,,,
gene-b2470,,,,,,
gene-b3377,,,,,,
gene-b1198,,,,,,
gene-b4468,,,,,,
gene-b2828,,,,,,
gene-b4415,,,,,,
gene-T4p057,,,,,,
gene-b0198,,,,,,
gene-b3755,,,,,,
gene-b1244,,,,,,
gene-b4702,,,,,,
gene-b0954,,,,,,
gene-b2383,,,,,,
gene-b4471,,,,,,
gene-b1954,,,,,,
gene-b3100,,,,,,
gene-b4288,,,,,,
gene-b2001,,,,,,
gene-b3746,,,,,,
gene-b2339,,,,,,
gene-b3556,,,,,,
gene-b3502,,,,,,
gene-b4667,,,,,,
gene-b1768,,,,,,
gene-T4p143,,,,,,
gene-b1291,,,,,,
gene-b1357,,,,,,
gene-b0644,,,,,,
gene-b1543,,,,,,
gene-b2314,,,,,,
gene-b2678,,,,,,
gene-b3543,,,,,,
gene-b4843,,,,,,
gene-b1380,,,,,,
gene-b4718,,,,,,
gene-b3470,,,,,,
gene-b2667,,,,,,
gene-b3581,,,,,,
gene-b4112,,,,,,
gene-b1875,,,,,,
gene-b3376,,,,,,
gene-b4082,,,,,,
gene-b2967,,,,,,
gene-b2375,,,,,,
gene-b0341,,,,,,
gene-b1397,,,,,,
gene-b3717,,,,,,
gene-T4p246,,,,,,
gene-b1087,,,,,,
gene-b3260,,,,,,
gene-b4039,,,,,,
gene-b3565,,,,,,
gene-b4811,,,,,,
gene-b0637,,,,,,
gene-b0509,,,,,,
gene-b2824,,,,,,
gene-b2690,,,,,,
gene-b0281,,,,,,
gene-b3589,,,,,,
gene-b1817,,,,,,
gene-b0034,,,,,,
gene-b2105,,,,,,
gene-b4546,,,,,,
gene-b4731,,,,,,
gene-b0035,,,,,,
gene-b4452,,,,,,
gene-b3068,,,,,,
gene-b1341,,,,,,
gene-b3585,,,,,,
gene-b0922,,,,,,
gene-b2877,,,,,,
gene-b1539,,,,,,
gene-b4431,,,,,,
gene-b1096,,,,,,
gene-b4296,,,,,,
gene-b2920,,,,,,
gene-b3356,,,,,,
gene-b4376,,,,,,
gene-b1582,,,,,,
gene-b3606,,,,,,
gene-b2532,,,,,,
gene-b1660,,,,,,
gene-b3095,,,,,,
gene-b0207,,,,,,
gene-b2093,,,,,,
gene-b3753,,,,,,
gene-b0923,,,,,,
gene-b3955,,,,,,
gene-b4664,,,,,,
gene-b0763,,,,,,
gene-b1084,,,,,,
gene-b1338,,,,,,
gene-b3924,,,,,,
gene-b4183,,,,,,
gene-b4209,,,,,,
gene-b2270,,,,,,
gene-T4p105,,,,,,
gene-b0548,,,,,,
gene-b2002,,,,,,
gene-b1655,,,,,,
gene-b3933,,,,,,
gene-b3845,,,,,,
gene-b4259,,,,,,
gene-b3482,,,,,,
gene-b1407,,,,,,
gene-b1505,,,,,,
gene-b2599,,,,,,
gene-b2322,,,,,,
gene-b2991,,,,,,
gene-b0792,,,,,,
gene-b0360,,,,,,
gene-b2607,,,,,,
gene-b4130,,,,,,
gene-b3969,,,,,,
gene-T4p245,,,,,,
gene-b2016,,,,,,
gene-T4p039,,,,,,
gene-b4834,,,,,,
gene-b3388,,,,,,
gene-b4126,,,,,,
gene-b1002,,,,,,
gene-b1958,,,,,,
gene-b2456,,,,,,
gene-b1532,,,,,,
gene-b3168,,,,,,
gene-b1658,,,,,,
gene-b1661,,,,,,
gene-b3547,,,,,,
gene-b1147,,,,,,
gene-b1262,,,,,,
gene-b2420,,,,,,
gene-b2277,,,,,,
gene-b3603,,,,,,
gene-b0729,,,,,,
gene-b0097,,,,,,
gene-b4297,,,,,,
gene-b0652,,,,,,
gene-b1235,,,,,,
gene-b1104,,,,,,
gene-b3226,,,,,,
gene-b3151,,,,,,
gene-b1121,,,,,,
gene-b3783,,,,,,
gene-b1038,,,,,,
gene-b3986,,,,,,
gene-T4p125,,,,,,
gene-b1690,,,,,,
gene-T4p215,,,,,,
gene-b4690,,,,,,
gene-b0911,,,,,,
gene-b0723,,,,,,
gene-b1097,,,,,,
gene-b0612,,,,,,
gene-b1829,,,,,,
gene-T4p099,,,,,,
gene-b2671,,,,,,
gene-b3528,,,,,,
gene-b4115,,,,,,
gene-b1409,,,,,,
gene-b2929,,,,,,
gene-b0327,,,,,,
gene-T4p189,,,,,,
gene-b0434,,,,,,
gene-b4466,,,,,,
gene-T4p089,,,,,,
gene-b0684,,,,,,
gene-b1267,,,,,,
gene-b3127,,,,,,
gene-b4216,,,,,,
gene-T4p130,,,,,,
gene-b1230,,,,,,
gene-b3893,,,,,,
gene-b2832,,,,,,
gene-b3166,,,,,,
gene-b0196,,,,,,
gene-b1474,,,,,,
gene-b3308,,,,,,
gene-b2619,,,,,,
gene-b0941,,,,,,
gene-b2556,,,,,,
gene-b2065,,,,,,
gene-b0916,,,,,,
gene-T4p165,,,,,,
gene-b0189,,,,,,
gene-b1613,,,,,,
gene-b3493,,,,,,
gene-b0274,,,,,,
gene-b2397,,,,,,
gene-b1674,,,,,,
gene-b2012,,,,,,
gene-b2177,,,,,,
gene-b1224,,,,,,
gene-b1023,,,,,,
gene-b2896,,,,,,
gene-b0008,,,,,,
gene-b1771,,,,,,
gene-b1537,,,,,,
gene-b4616,,,,,,
gene-b1378,,,,,,
gene-b1694,,,,,,
gene-b1769,,,,,,
gene-b0574,,,,,,
gene-b0847,,,,,,
gene-b0115,,,,,,
gene-b3651,,,,,,
gene-b1718,,,,,,
gene-b4303,,,,,,
gene-b1386,,,,,,
gene-b2838,,,,,,
gene-T4p276,,,,,,
gene-b1241,,,,,,
gene-b2199,,,,,,
gene-b3161,,,,,,
gene-b4422,,,,,,
gene-b2350,,,,,,
gene-b2705,,,,,,
gene-b3133,,,,,,
gene-b3178,,,,,,
gene-T4p268,,,,,,
gene-T4p072,,,,,,
gene-b2566,,,,,,
gene-b3991,,,,,,
gene-T4p235,,,,,,
gene-b1106,,,,,,
gene-b3316,,,,,,
gene-b2565,,,,,,
gene-b0106,,,,,,
gene-b2927,,,,,,
gene-b4295,,,,,,
gene-T4p272,,,,,,
gene-b0436,,,,,,
gene-b3305,,,,,,
gene-b0971,,,,,,
gene-b0639,,,,,,
gene-b1555,,,,,,
gene-b2481,,,,,,
gene-b0742,,,,,,
gene-b1997,,,,,,
gene-b2104,,,,,,
gene-b3407,,,,,,
gene-b3240,,,,,,
gene-b3214,,,,,,
gene-b4101,,,,,,
gene-b0347,,,,,,
gene-b3451,,,,,,
gene-b0739,,,,,,
gene-b0557,,,,,,
gene-b1171,,,,,,
gene-T4p266,,,,,,
gene-b1089,,,,,,
gene-b2700,,,,,,
gene-b0169,,,,,,
gene-b2750,,,,,,
gene-b1465,,,,,,
gene-b0926,,,,,,
gene-b3711,,,,,,
gene-b2757,,,,,,
gene-b1011,,,,,,
gene-b1420,,,,,,
gene-b0951,,,,,,
gene-b0831,,,,,,
gene-b3898,,,,,,
gene-b3052,,,,,,
gene-b3615,,,,,,
gene-b1929,,,,,,
gene-b1867,,,,,,
gene-b1986,,,,,,
gene-b1656,,,,,,
gene-b0945,,,,,,
gene-b2632,,,,,,
gene-b1192,,,,,,
gene-b0547,,,,,,
gene-b4351,,,,,,
gene-b0821,,,,,,
gene-b1132,,,,,,
gene-b2818,,,,,,
gene-b2720,,,,,,
gene-b0719,,,,,,
gene-b1374,,,,,,
gene-b2975,,,,,,
gene-b3132,,,,,,
gene-b0094,,,,,,
gene-T4p157,,,,,,
gene-b0753,,,,,,
gene-b2841,,,,,,
gene-b0472,,,,,,
gene-b0820,,,,,,
gene-b0247,,,,,,
gene-b3738,,,,,,
gene-b2414,,,,,,
gene-T4p079,,,,,,
gene-T4p103,,,,,,
gene-b4004,,,,,,
gene-b0712,,,,,,
gene-b4249,,,,,,
gene-b0418,,,,,,
gene-b0414,,,,,,
gene-b2568,,,,,,
gene-b1125,,,,,,
gene-b4312,,,,,,
gene-b3187,,,,,,
gene-b3742,,,,,,
gene-b2435,,,,,,
gene-b2506,,,,,,
gene-b4337,,,,,,
gene-b1666,,,,,,
gene-b1483,,,,,,
gene-T4p038,,,,,,
gene-b4780,,,,,,
gene-b1021,,,,,,
gene-b0674,,,,,,
gene-b4313,,,,,,
gene-b3630,,,,,,
gene-T4p177,,,,,,
gene-b2734,,,,,,
gene-T4p244,,,,,,
gene-b2072,,,,,,
gene-b3649,,,,,,
gene-b1138,,,,,,
gene-b1387,,,,,,
gene-b0111,,,,,,
gene-b1511,,,,,,
gene-b1862,,,,,,
gene-b0890,,,,,,
gene-b3370,,,,,,
gene-b2754,,,,,,
gene-b2255,,,,,,
gene-b3479,,,,,,
gene-b2038,,,,,,
gene-T4p081,,,,,,
gene-b3231,,,,,,
gene-b4059,,,,,,
gene-b3972,,,,,,
gene-b4766,,,,,,
gene-b0333,,,,,,
gene-b1488,,,,,,
gene-b3875,,,,,,
gene-b3463,,,,,,
gene-b0860,,,,,,
gene-b3551,,,,,,
gene-b2100,,,,,,
gene-T4p004,,,,,,
gene-b4003,,,,,,
gene-T4p146,,,,,,
gene-b1439,,,,,,
gene-b3103,,,,,,
gene-b4813,,,,,,
gene-b3705,,,,,,
gene-b3121,,,,,,
gene-b3980,,,,,,
gene-b0312,,,,,,
gene-b1477,,,,,,
gene-T4p202,,,,,,
gene-b3058,,,,,,
gene-b1616,,,,,,
gene-b0067,,,,,,
gene-b0171,,,,,,
gene-b4602,,,,,,
gene-b3473,,,,,,
gene-b3378,,,,,,
gene-b4256,,,,,,
gene-b1156,,,,,,
gene-b3136,,,,,,
gene-b2369,,,,,,
gene-T4p184,,,,,,
gene-b1390,,,,,,
gene-b3876,,,,,,
gene-b3616,,,,,,
gene-b1384,,,,,,
gene-b0855,,,,,,
gene-b2007,,,,,,
gene-b4289,,,,,,
gene-b0649,,,,,,
gene-b0112,,,,,,
gene-b3345,,,,,,
gene-b3518,,,,,,
gene-b0383,,,,,,
gene-b0429,,,,,,
gene-b3979,,,,,,
gene-b3560,,,,,,
gene-b3176,,,,,,
gene-b2762,,,,,,
gene-b4137,,,,,,
gene-b4401,,,,,,
gene-b4267,,,,,,
gene-b0545,,,,,,
gene-b3023,,,,,,
gene-b3519,,,,,,
gene-b0503,,,,,,
gene-b4704,,,,,,
gene-b2677,,,,,,
gene-b3039,,,,,,
gene-T4p115,,,,,,
gene-b1687,,,,,,
gene-b2463,,,,,,
gene-b3570,,,,,,
gene-b1340,,,,,,
gene-b4777,,,,,,
gene-b3810,,,,,,
gene-b2217,,,,,,
gene-b0260,,,,,,
gene-b2564,,,,,,
gene-b3724,,,,,,
gene-b1624,,,,,,
gene-b0699,,,,,,
gene-b2263,,,,,,
gene-b1383,,,,,,
gene-b0267,,,,,,
gene-b1212,,,,,,
gene-b1630,,,,,,
gene-b2404,,,,,,
gene-b3573,,,,,,
gene-b3074,,,,,,
gene-b4095,,,,,,
gene-b1927,,,,,,
gene-T4p075,,,,,,
gene-b4604,,,,,,
gene-b0902,,,,,,
gene-b0283,,,,,,
gene-b2491,,,,,,
gene-b0757,,,,,,
gene-b1406,,,,,,
gene-b4748,,,,,,
gene-b2424,,,,,,
gene-b2378,,,,,,
gene-b1115,,,,,,
gene-b2970,,,,,,
gene-b3778,,,,,,
gene-b0651,,,,,,
gene-b4134,,,,,,
gene-b2643,,,,,,
gene-b2957,,,,,,
gene-b2400,,,,,,
gene-b3735,,,,,,
gene-b2164,,,,,,
gene-b3071,,,,,,
gene-b1281,,,,,,
gene-b0441,,,,,,
gene-b4190,,,,,,
gene-b0053,,,,,,
gene-b3812,,,,,,
gene-b1484,,,,,,
gene-b3383,,,,,,
gene-b1207,,,,,,
gene-b0485,,,,,,
gene-b2234,,,,,,
gene-b3801,,,,,,
gene-b3774,,,,,,
gene-b2669,,,,,,
gene-b3848,,,,,,
gene-b2172,,,,,,
gene-b2343,,,,,,
gene-b0932,,,,,,
gene-b0349,,,,,,
gene-b3886,,,,,,
gene-b4006,,,,,,
gene-b2627,,,,,,
gene-b3701,,,,,,
gene-b1107,,,,,,
gene-b2923,,,,,,
gene-b3594,,,,,,
gene-b2203,,,,,,
gene-b0483,,,,,,
gene-b4319,,,,,,
gene-b0450,,,,,,
gene-b3318,,,,,,
gene-b2717,,,,,,
gene-b1044,,,,,,
gene-b2679,,,,,,
gene-b1200,,,,,,
gene-b0994,,,,,,
gene-b4076,,,,,,
gene-b3790,,,,,,
gene-b3861,,,,,,
gene-b0643,,,,,,
gene-b1517,,,,,,
gene-b2120,,,,,,
gene-b3954,,,,,,
gene-T4p111,,,,,,
gene-b2401,,,,,,
gene-b3433,,,,,,
gene-b3480,,,,,,
gene-b2412,,,,,,
gene-b0838,,,,,,
gene-b1421,,,,,,
gene-T4p131,,,,,,
gene-b0335,,,,,,
gene-b3852,,,,,,
gene-b1889,,,,,,
gene-b2479,,,,,,
gene-b1942,,,,,,
gene-b0379,,,,,,
gene-b0289,,,,,,
gene-b0025,,,,,,
gene-b0351,,,,,,
gene-b1261,,,,,,
gene-b2052,,,,,,
gene-b1874,,,,,,
gene-b3677,,,,,,
gene-b4335,,,,,,
gene-b1846,,,,,,
gene-b2725,,,,,,
gene-b2313,,,,,,
gene-b3395,,,,,,
gene-b0496,,,,,,
gene-b2370,,,,,,
gene-b0580,,,,,,
gene-T4p250,,,,,,
gene-b1917,,,,,,
gene-b0454,,,,,,
gene-b0537,,,,,,
gene-b1214,,,,,,
gene-b2178,,,,,,
gene-b3831,,,,,,
gene-b1296,,,,,,
gene-b0222,,,,,,
gene-b1323,,,,,,
gene-b0741,,,,,,
gene-b1712,,,,,,
gene-b2979,,,,,,
gene-b4198,,,,,,
gene-b0495,,,,,,
gene-b1777,,,,,,
gene-b4066,,,,,,
gene-b4588,,,,,,
gene-b0344,,,,,,
gene-b3426,,,,,,
gene-b3205,,,,,,
gene-b0033,,,,,,
gene-b4453,,,,,,
gene-b0306,,,,,,
gene-b3586,,,,,,
gene-b3339,,,,,,
gene-b2571,,,,,,
gene-b0781,,,,,,
gene-b3785,,,,,,
gene-b4375,,,,,,
gene-b0600,,,,,,
gene-b3144,,,,,,
gene-b0949,,,,,,
gene-b2398,,,,,,
gene-b3555,,,,,,
gene-b0745,,,,,,
gene-b0109,,,,,,
gene-b4176,,,,,,
gene-b2964,,,,,,
gene-b3150,,,,,,
gene-b2819,,,,,,
gene-b4309,,,,,,
gene-b0093,,,,,,
gene-b0622,,,,,,
gene-b2187,,,,,,
gene-T4p240,,,,,,
gene-b3517,,,,,,
gene-b0505,,,,,,
gene-b2590,,,,,,
gene-b4124,,,,,,
gene-b4529,,,,,,
gene-b4254,,,,,,
gene-b1565,,,,,,
gene-b3230,,,,,,
gene-b2464,,,,,,
gene-b2495,,,,,,
gene-b1937,,,,,,
gene-b2291,,,,,,
gene-b3621,,,,,,
gene-b0032,,,,,,
gene-b2197,,,,,,
gene-b3229,,,,,,
gene-b1896,,,,,,
gene-b1770,,,,,,
gene-b4018,,,,,,
gene-b3514,,,,,,
gene-T4p007,,,,,,
gene-b2050,,,,,,
gene-b1035,,,,,,
gene-b0227,,,,,,
gene-b3322,,,,,,
gene-b1489,,,,,,
gene-b0153,,,,,,
gene-b0889,,,,,,
gene-b0937,,,,,,
gene-b1131,,,,,,
gene-b1840,,,,,,
gene-b2346,,,,,,
gene-b3674,,,,,,
gene-b4053,,,,,,
gene-b3864,,,,,,
gene-b4739,,,,,,
gene-b2386,,,,,,
gene-b1342,,,,,,
gene-b0304,,,,,,
gene-b0074,,,,,,
gene-b0825,,,,,,
gene-b3892,,,,,,
gene-b0975,,,,,,
gene-b2540,,,,,,
gene-b0535,,,,,,
gene-b1773,,,,,,
gene-b1955,,,,,,
gene-b4125,,,,,,
gene-b0666,,,,,,
gene-b0425,,,,,,
gene-b0774,,,,,,
gene-b3334,,,,,,
gene-b3516,,,,,,
gene-b3276,,,,,,
gene-b3826,,,,,,
gene-b0474,,,,,,
gene-b4213,,,,,,
gene-b0863,,,,,,
gene-T4p067,,,,,,
gene-b3248,,,,,,
gene-b3397,,,,,,
gene-b2166,,,,,,
gene-b1926,,,,,,
gene-b3821,,,,,,
gene-b1418,,,,,,
gene-b1636,,,,,,
gene-b1490,,,,,,
gene-b2121,,,,,,
gene-b3252,,,,,,
gene-b1103,,,,,,
gene-b3804,,,,,,
gene-b4373,,,,,,
gene-b3999,,,,,,
gene-b1040,,,,,,
gene-b2311,,,,,,
gene-b0119,,,,,,
gene-b3796,,,,,,
gene-b2452,,,,,,
gene-b2447,,,,,,
gene-b0812,,,,,,
gene-b3167,,,,,,
gene-b3895,,,,,,
gene-b2096,,,,,,
gene-b2358,,,,,,
gene-b3441,,,,,,
gene-b2522,,,,,,
gene-b4655,,,,,,
gene-b4586,,,,,,
gene-b3352,,,,,,
gene-b2515,,,,,,
gene-b0476,,,,,,
gene-T4p231,,,,,,
gene-b4722,,,,,,
gene-b2112,,,,,,
gene-b2309,,,,,,
gene-b3020,,,,,,
gene-b4414,,,,,,
gene-b0573,,,,,,
gene-b1502,,,,,,
gene-b1438,,,,,,
gene-T4p065,,,,,,
gene-b4833,,,,,,
gene-b2006,,,,,,
gene-b1042,,,,,,
gene-b2089,,,,,,
gene-T4p124,,,,,,
gene-b0640,,,,,,
gene-b2616,,,,,,
gene-b4180,,,,,,
gene-T4p233,,,,,,
gene-b2876,,,,,,
gene-b2064,,,,,,
gene-b1576,,,,,,
gene-b2602,,,,,,
gene-b0381,,,,,,
gene-b2408,,,,,,
gene-b2738,,,,,,
gene-T4p161,,,,,,
gene-b2125,,,,,,
gene-b0898,,,,,,
gene-b1518,,,,,,
gene-b3505,,,,,,
gene-T4p127,,,,,,
gene-b2503,,,,,,
gene-b2730,,,,,,
gene-b3920,,,,,,
gene-T4p051,,,,,,
gene-b1155,,,,,,
gene-b1557,,,,,,
gene-b3635,,,,,,
gene-b1464,,,,,,
gene-b2275,,,,,,
gene-b0737,,,,,,
gene-b1062,,,,,,
gene-b2930,,,,,,
gene-b2918,,,,,,
gene-b1392,,,,,,
gene-b0632,,,,,,
gene-b0417,,,,,,
gene-b1905,,,,,,
gene-b1887,,,,,,
gene-b4346,,,,,,
gene-b3752,,,,,,
gene-b2605,,,,,,
gene-b2377,,,,,,
gene-b4196,,,,,,
gene-b4367,,,,,,
gene-b1710,,,,,,
gene-b2994,,,,,,
gene-b0151,,,,,,
gene-b3839,,,,,,
gene-b4234,,,,,,
gene-b0152,,,,,,
gene-b2753,,,,,,
gene-b0419,,,,,,
gene-b1568,,,,,,
gene-b3416,,,,,,
gene-T4p251,,,,,,
gene-b3110,,,,,,
gene-b1335,,,,,,
gene-b2363,,,,,,
gene-b1328,,,,,,
gene-b0966,,,,,,
gene-b0887,,,,,,
gene-b4290,,,,,,
gene-b2278,,,,,,
gene-b4317,,,,,,
gene-b3559,,,,,,
gene-b2577,,,,,,
gene-b1516,,,,,,
gene-b4677,,,,,,
gene-b2485,,,,,,
gene-b3429,,,,,,
gene-b0824,,,,,,
gene-b2883,,,,,,
gene-b3557,,,,,,
gene-b0761,,,,,,
gene-b4555,,,,,,
gene-b1970,,,,,,
gene-b1423,,,,,,
gene-b2097,,,,,,
gene-b0416,,,,,,
gene-b0683,,,,,,
gene-b2628,,,,,,
gene-b2834,,,,,,
gene-b2035,,,,,,
gene-b2294,,,,,,
gene-b4092,,,,,,
gene-b4220,,,,,,
gene-b1196,,,,,,
gene-b1311,,,,,,
gene-b2682,,,,,,
gene-b1290,,,,,,
gene-b3321,,,,,,
gene-b0803,,,,,,
gene-b3282,,,,,,
gene-b0915,,,,,,
gene-b1172,,,,,,
gene-b2523,,,,,,
gene-b1101,,,,,,
gene-b3642,,,,,,
gene-b4791,,,,,,
gene-b1945,,,,,,
gene-b3633,,,,,,
gene-b2323,,,,,,
gene-b2903,,,,,,
gene-b3001,,,,,,
gene-b1099,,,,,,
gene-b4683,,,,,,
gene-b0910,,,,,,
gene-b3249,,,,,,
gene-b4067,,,,,,
gene-b3299,,,,,,
gene-b3093,,,,,,
gene-b1794,,,,,,
gene-b2541,,,,,,
gene-b4119,,,,,,
gene-b1059,,,,,,
gene-b2728,,,,,,
gene-b0502,,,,,,
gene-b3277,,,,,,
gene-b0191,,,,,,
gene-b1273,,,,,,
gene-b0658,,,,,,
gene-b2823,,,,,,
gene-b3638,,,,,,
gene-b3019,,,,,,
gene-b2962,,,,,,
gene-b0611,,,,,,
gene-b1894,,,,,,
gene-b3787,,,,,,
gene-b4150,,,,,,
gene-b4738,,,,,,
gene-b2984,,,,,,
gene-b4097,,,,,,
gene-b1376,,,,,,
gene-b1853,,,,,,
gene-b2061,,,,,,
gene-b1732,,,,,,
gene-b0280,,,,,,
gene-b3962,,,,,,
gene-b4145,,,,,,
gene-T4p008,,,,,,
gene-b3878,,,,,,
gene-b1534,,,,,,
gene-b4671,,,,,,
gene-b3710,,,,,,
gene-b4304,,,,,,
gene-b1739,,,,,,
gene-b3558,,,,,,
gene-b3209,,,,,,
gene-b3159,,,,,,
gene-b3544,,,,,,
gene-b2057,,,,,,
gene-b0871,,,,,,
gene-b0550,,,,,,
gene-b3029,,,,,,
gene-T4t007,,,,,,
gene-b4131,,,,,,
gene-b0850,,,,,,
gene-b0143,,,,,,
gene-b2936,,,,,,
gene-b4390,,,,,,
gene-b2218,,,,,,
gene-b1073,,,,,,
gene-b4792,,,,,,
gene-b1314,,,,,,
gene-b4164,,,,,,
gene-b3743,,,,,,
gene-b1549,,,,,,
gene-b3300,,,,,,
gene-b3521,,,,,,
gene-b0275,,,,,,
gene-b0599,,,,,,
gene-b3492,,,,,,
gene-b3793,,,,,,
gene-b2453,,,,,,
gene-T4p101,,,,,,
gene-T4p059,,,,,,
gene-b3403,,,,,,
gene-b3526,,,,,,
gene-b1836,,,,,,
gene-b0991,,,,,,
gene-b2809,,,,,,
gene-b1734,,,,,,
gene-b3279,,,,,,
gene-b0518,,,,,,
gene-b3055,,,,,,
gene-b0024,,,,,,
gene-b1256,,,,,,
gene-b3307,,,,,,
gene-b1634,,,,,,
gene-b2027,,,,,,
gene-b3099,,,,,,
gene-b1201,,,,,,
gene-b1372,,,,,,
gene-b4810,,,,,,
gene-b2714,,,,,,
gene-b1795,,,,,,
gene-b0144,,,,,,
gene-b4350,,,,,,
gene-b0668,,,,,,
gene-b1411,,,,,,
gene-b3402,,,,,,
gene-T4p109,,,,,,
gene-b1462,,,,,,
gene-T4p083,,,,,,
gene-b1678,,,,,,
gene-b4754,,,,,,
gene-b2450,,,,,,
gene-b1601,,,,,,
gene-b3104,,,,,,
gene-b2947,,,,,,
gene-b3546,,,,,,
gene-T4p027,,,,,,
gene-b1361,,,,,,
gene-b1178,,,,,,
gene-b0068,,,,,,
gene-b2778,,,,,,
gene-b3772,,,,,,
gene-b1786,,,,,,
gene-b4707,,,,,,
gene-b2769,,,,,,
gene-b0248,,,,,,
gene-b1566,,,,,,
gene-b4459,,,,,,
gene-b4174,,,,,,
gene-b4728,,,,,,
gene-b1010,,,,,,
gene-b2952,,,,,,
gene-b0972,,,,,,
gene-b2980,,,,,,
gene-b2348,,,,,,
gene-b0192,,,,,,
gene-b3182,,,,,,
gene-b3537,,,,,,
gene-b1881,,,,,,
gene-b2600,,,,,,
gene-b2544,,,,,,
gene-b0861,,,,,,
gene-b3579,,,,,,
gene-b2812,,,,,,
gene-b4821,,,,,,
gene-b0857,,,,,,
gene-b1780,,,,,,
gene-b0081,,,,,,
gene-b1747,,,,,,
gene-b3865,,,,,,
gene-b1247,,,,,,
gene-b3816,,,,,,
gene-b0437,,,,,,
gene-b1915,,,,,,
gene-b1322,,,,,,
gene-b1033,,,,,,
gene-T4p061,,,,,,
gene-b2183,,,,,,
gene-b0284,,,,,,
gene-b4609,,,,,,
gene-b1962,,,,,,
gene-b2425,,,,,,
gene-b0570,,,,,,
gene-b2954,,,,,,
gene-b2985,,,,,,
gene-T4p218,,,,,,
gene-b2636,,,,,,
gene-b3869,,,,,,
gene-b0839,,,,,,
gene-b0203,,,,,,
gene-b2537,,,,,,
gene-b0315,,,,,,
gene-b4117,,,,,,
gene-b0269,,,,,,
gene-b1548,,,,,,
gene-b2444,,,,,,
gene-b3731,,,,,,
gene-b3808,,,,,,
gene-b2055,,,,,,
gene-b2058,,,,,,
gene-b3693,,,,,,
gene-b0254,,,,,,
gene-b1564,,,,,,
gene-b1221,,,,,,
gene-b1891,,,,,,
gene-b1558,,,,,,
gene-b0075,,,,,,
gene-b1365,,,,,,
gene-b3239,,,,,,
gene-b0595,,,,,,
gene-b1415,,,,,,
gene-b1981,,,,,,
gene-b4717,,,,,,
gene-b3476,,,,,,
gene-b4599,,,,,,
gene-b2287,,,,,,
gene-b2040,,,,,,
gene-b1597,,,,,,
gene-b2719,,,,,,
gene-b1022,,,,,,
gene-b4526,,,,,,
gene-b4441,,,,,,
gene-b0027,,,,,,
gene-b2242,,,,,,
gene-b1294,,,,,,
gene-b4403,,,,,,
gene-b1760,,,,,,
gene-b2958,,,,,,
gene-b1522,,,,,,
gene-b2908,,,,,,
gene-b3953,,,,,,
gene-b3951,,,,,,
gene-b4595,,,,,,
gene-b2794,,,,,,
gene-b1776,,,,,,
gene-b3775,,,,,,
gene-b0052,,,,,,
gene-b3460,,,,,,
gene-b4795,,,,,,
gene-b0960,,,,,,
gene-b0308,,,,,,
gene-b1667,,,,,,
