Geneid,5_R1,5_R2,15_R1,15_R2,35_R1,35_R2,Entity,Symbol
gene-PHIKZ067,12,19,1769,1021.0,254.0,611.0,phage,gene-PHIKZ067
gene-PHIKZ060,95,82,366,239.0,32.0,140.0,phage,gene-PHIKZ060
gene-PHIKZ_p63,14,7,139,68.0,9.0,78.0,phage,gene-PHIKZ_p63
gene-PHIKZ001,5,6,89,78.0,19.0,97.0,phage,gene-PHIKZ001
gene-PHIKZ219,30,34,103,74.0,13.0,169.0,phage,gene-PHIKZ219
gene-PHIKZ077,36,46,2631,1321.0,426.0,1181.0,phage,gene-PHIKZ077
gene-PHIKZ106,160,125,47,26.0,10.0,79.0,phage,gene-PHIKZ106
gene-PHIKZ277,59,58,128,82.0,15.0,118.0,phage,gene-PHIKZ277
gene-PHIKZ123,251,213,1075,674.0,131.0,460.0,phage,gene-PHIKZ123
gene-PHIKZ070,426,427,3117,1596.0,202.0,471.0,phage,gene-PHIKZ070
gene-PHIKZ218,3,6,146,88.0,48.0,164.0,phage,gene-PHIKZ218
gene-PHIKZ_p36,31,34,10,12.0,3.0,30.0,phage,gene-PHIKZ_p36
gene-PHIKZ_p33,42,42,23,11.0,4.0,26.0,phage,gene-PHIKZ_p33
gene-PHIKZ208,96,106,440,286.0,41.0,270.0,phage,gene-PHIKZ208
gene-PHIKZ_p08,22,19,134,82.0,94.0,391.0,phage,gene-PHIKZ_p08
gene-PHIKZ289,73,62,111,48.0,7.0,147.0,phage,gene-PHIKZ289
gene-PHIKZ157,18,11,80,58.0,210.0,797.0,phage,gene-PHIKZ157
gene-PHIKZ_p82,2,5,1,5.0,0.0,16.0,phage,gene-PHIKZ_p82
gene-PHIKZ293,0,2,201,113.0,14.0,64.0,phage,gene-PHIKZ293
gene-PHIKZ026,22,30,388,177.0,632.0,1362.0,phage,gene-PHIKZ026
gene-PHIKZ291,66,55,61,40.0,6.0,137.0,phage,gene-PHIKZ291
gene-PHIKZ082,23,22,828,531.0,110.0,602.0,phage,gene-PHIKZ082
gene-PHIKZ204,12,11,29,28.0,6.0,79.0,phage,gene-PHIKZ204
gene-PHIKZ201,14,14,165,99.0,82.0,666.0,phage,gene-PHIKZ201
gene-PHIKZ_p67,4,4,8,10.0,2.0,19.0,phage,gene-PHIKZ_p67
gene-PHIKZ040,26,25,159,77.0,15.0,99.0,phage,gene-PHIKZ040
gene-PHIKZ063,14,13,997,576.0,169.0,547.0,phage,gene-PHIKZ063
gene-PHIKZ_p64,22,20,72,39.0,11.0,85.0,phage,gene-PHIKZ_p64
gene-PHIKZ_p66,3,1,14,12.0,0.0,30.0,phage,gene-PHIKZ_p66
gene-PHIKZ295,10,7,42,27.0,6.0,84.0,phage,gene-PHIKZ295
gene-PHIKZ172,30,35,160,95.0,11.0,104.0,phage,gene-PHIKZ172
gene-PHIKZ_p12,7,4,39,12.0,3.0,55.0,phage,gene-PHIKZ_p12
gene-PHIKZ_t03,15,13,38,14.0,8.0,69.0,phage,gene-PHIKZ_t03
gene-PHIKZ096,15,24,316,160.0,214.0,838.0,phage,gene-PHIKZ096
gene-PHIKZ169,29,29,19,5.0,52.0,288.0,phage,gene-PHIKZ169
gene-PHIKZ_p38,97,91,139,90.0,7.0,78.0,phage,gene-PHIKZ_p38
gene-PHIKZ186,344,290,1349,740.0,63.0,193.0,phage,gene-PHIKZ186
gene-PHIKZ011,110,103,56,33.0,7.0,47.0,phage,gene-PHIKZ011
gene-PHIKZ_p46,2,5,156,86.0,65.0,199.0,phage,gene-PHIKZ_p46
gene-PHIKZ066,10,12,564,341.0,117.0,454.0,phage,gene-PHIKZ066
gene-PHIKZ276,44,47,80,55.0,11.0,122.0,phage,gene-PHIKZ276
gene-PHIKZ143,3,2,43,25.0,74.0,280.0,phage,gene-PHIKZ143
gene-PHIKZ_p57,54,28,342,203.0,19.0,165.0,phage,gene-PHIKZ_p57
gene-PHIKZ_p11,2,3,20,11.0,7.0,37.0,phage,gene-PHIKZ_p11
gene-PHIKZ134,22,20,419,219.0,303.0,1077.0,phage,gene-PHIKZ134
gene-PHIKZ_p65,1,7,48,29.0,1.0,43.0,phage,gene-PHIKZ_p65
gene-PHIKZ049,73,51,262,141.0,58.0,248.0,phage,gene-PHIKZ049
gene-PHIKZ037,103,98,259,148.0,30.0,176.0,phage,gene-PHIKZ037
gene-PHIKZ129,32,57,782,402.0,317.0,1069.0,phage,gene-PHIKZ129
gene-PHIKZ097,45,49,2053,1007.0,1485.0,3795.0,phage,gene-PHIKZ097
gene-PHIKZ048,38,25,67,59.0,12.0,73.0,phage,gene-PHIKZ048
gene-PHIKZ197,3,5,44,25.0,7.0,62.0,phage,gene-PHIKZ197
gene-PHIKZ127,9,5,32,24.0,82.0,315.0,phage,gene-PHIKZ127
gene-PHIKZ095,33,27,1345,660.0,819.0,2132.0,phage,gene-PHIKZ095
gene-PHIKZ_p70,51,32,450,241.0,25.0,115.0,phage,gene-PHIKZ_p70
gene-PHIKZ029,23,49,144,93.0,1549.0,4134.0,phage,gene-PHIKZ029
gene-PHIKZ168,0,7,135,82.0,11.0,93.0,phage,gene-PHIKZ168
gene-PHIKZ_p30,6,20,571,241.0,402.0,996.0,phage,gene-PHIKZ_p30
gene-PHIKZ158,13,13,45,26.0,81.0,276.0,phage,gene-PHIKZ158
gene-PHIKZ_p05,3,3,187,59.0,44.0,143.0,phage,gene-PHIKZ_p05
gene-PHIKZ_p73,92,86,35,18.0,1.0,45.0,phage,gene-PHIKZ_p73
gene-PHIKZ109,82,71,31,20.0,7.0,61.0,phage,gene-PHIKZ109
gene-PHIKZ268,60,55,37,33.0,4.0,60.0,phage,gene-PHIKZ268
gene-PHIKZ_p85,52,69,3247,1814.0,435.0,1275.0,phage,gene-PHIKZ_p85
gene-PHIKZ176,3,6,385,176.0,364.0,1019.0,phage,gene-PHIKZ176
gene-PHIKZ_p24,14,22,9,10.0,4.0,31.0,phage,gene-PHIKZ_p24
gene-PHIKZ258,18,24,153,87.0,12.0,106.0,phage,gene-PHIKZ258
gene-PHIKZ145,30,27,56,30.0,823.0,2393.0,phage,gene-PHIKZ145
gene-PHIKZ057,16,11,34,24.0,6.0,49.0,phage,gene-PHIKZ057
gene-PHIKZ074,406,385,2591,1469.0,178.0,670.0,phage,gene-PHIKZ074
gene-PHIKZ188,470,449,3700,2313.0,393.0,812.0,phage,gene-PHIKZ188
gene-PHIKZ212,57,61,484,305.0,53.0,169.0,phage,gene-PHIKZ212
gene-PHIKZ_p83,9,4,1379,679.0,120.0,310.0,phage,gene-PHIKZ_p83
gene-PHIKZ071,140,103,770,480.0,52.0,283.0,phage,gene-PHIKZ071
gene-PHIKZ122,147,127,510,299.0,73.0,312.0,phage,gene-PHIKZ122
gene-PHIKZ280,128,110,176,108.0,11.0,117.0,phage,gene-PHIKZ280
gene-PHIKZ_t06,2,1,3,3.0,0.0,10.0,phage,gene-PHIKZ_t06
gene-PHIKZ059,245,183,940,481.0,101.0,315.0,phage,gene-PHIKZ059
gene-PHIKZ084,13,16,349,199.0,181.0,764.0,phage,gene-PHIKZ084
gene-PHIKZ162,22,21,682,354.0,612.0,1798.0,phage,gene-PHIKZ162
gene-PHIKZ191,75,54,397,238.0,30.0,186.0,phage,gene-PHIKZ191
gene-PHIKZ207,59,55,343,190.0,34.0,187.0,phage,gene-PHIKZ207
gene-PHIKZ239,4,5,21,11.0,1.0,39.0,phage,gene-PHIKZ239
gene-PHIKZ_p25,49,46,30,31.0,11.0,58.0,phage,gene-PHIKZ_p25
gene-PHIKZ126,4,5,19,14.0,18.0,151.0,phage,gene-PHIKZ126
gene-PHIKZ246,109,91,329,203.0,49.0,164.0,phage,gene-PHIKZ246
gene-PHIKZ_t02,8,5,228,125.0,64.0,105.0,phage,gene-PHIKZ_t02
gene-PHIKZ178,65,80,2773,1412.0,1645.0,5198.0,phage,gene-PHIKZ178
gene-PHIKZ_p59,10,9,158,101.0,10.0,77.0,phage,gene-PHIKZ_p59
gene-PHIKZ010,124,125,48,26.0,5.0,32.0,phage,gene-PHIKZ010
gene-PHIKZ166,82,76,127,82.0,20.0,90.0,phage,gene-PHIKZ166
gene-PHIKZ226,27,27,174,102.0,20.0,80.0,phage,gene-PHIKZ226
gene-PHIKZ089,13,22,296,137.0,204.0,743.0,phage,gene-PHIKZ089
gene-PHIKZ042,23,13,48,23.0,125.0,443.0,phage,gene-PHIKZ042
gene-PHIKZ058,37,24,91,57.0,6.0,57.0,phage,gene-PHIKZ058
gene-PHIKZ264,139,135,400,206.0,43.0,152.0,phage,gene-PHIKZ264
gene-PHIKZ053,34,28,116,79.0,15.0,54.0,phage,gene-PHIKZ053
gene-PHIKZ281,155,111,234,97.0,13.0,91.0,phage,gene-PHIKZ281
gene-PHIKZ151,3,3,76,65.0,8.0,86.0,phage,gene-PHIKZ151
gene-PHIKZ046,81,66,158,69.0,22.0,122.0,phage,gene-PHIKZ046
gene-PHIKZ299,10,7,566,207.0,109.0,214.0,phage,gene-PHIKZ299
gene-PHIKZ_p78,23,27,44,33.0,1.0,88.0,phage,gene-PHIKZ_p78
gene-PHIKZ005,59,34,23,14.0,4.0,70.0,phage,gene-PHIKZ005
gene-PHIKZ008,169,180,89,43.0,9.0,66.0,phage,gene-PHIKZ008
gene-PHIKZ136,3,5,307,163.0,336.0,707.0,phage,gene-PHIKZ136
gene-PHIKZ062,0,2,192,128.0,33.0,220.0,phage,gene-PHIKZ062
gene-PHIKZ224,44,31,222,108.0,30.0,212.0,phage,gene-PHIKZ224
gene-PHIKZ_p58,27,20,43,28.0,10.0,34.0,phage,gene-PHIKZ_p58
gene-PHIKZ155,22,25,1666,884.0,606.0,1349.0,phage,gene-PHIKZ155
gene-PHIKZ_p87,8,5,233,116.0,44.0,102.0,phage,gene-PHIKZ_p87
gene-PHIKZ094,12,10,160,86.0,203.0,737.0,phage,gene-PHIKZ094
gene-PHIKZ002,2,2,94,83.0,22.0,122.0,phage,gene-PHIKZ002
gene-PHIKZ124,521,484,3030,1513.0,244.0,704.0,phage,gene-PHIKZ124
gene-PHIKZ206,79,47,243,157.0,30.0,177.0,phage,gene-PHIKZ206
gene-PHIKZ177,28,29,354,214.0,385.0,1352.0,phage,gene-PHIKZ177
gene-PHIKZ149,9,4,345,190.0,60.0,259.0,phage,gene-PHIKZ149
gene-PHIKZ290,99,109,89,63.0,12.0,105.0,phage,gene-PHIKZ290
gene-PHIKZ_t01,3,0,19,18.0,6.0,16.0,phage,gene-PHIKZ_t01
gene-PHIKZ_p23,5,4,7,4.0,1.0,29.0,phage,gene-PHIKZ_p23
gene-PHIKZ278,108,98,143,76.0,9.0,118.0,phage,gene-PHIKZ278
gene-PHIKZ_p13,61,56,98,75.0,11.0,110.0,phage,gene-PHIKZ_p13
gene-PHIKZ148,4,4,148,98.0,20.0,209.0,phage,gene-PHIKZ148
gene-PHIKZ235,167,155,1580,807.0,102.0,525.0,phage,gene-PHIKZ235
gene-PHIKZ_p06,10,8,40,18.0,105.0,376.0,phage,gene-PHIKZ_p06
gene-PHIKZ_p88,4,3,184,137.0,13.0,68.0,phage,gene-PHIKZ_p88
gene-PHIKZ110,264,237,125,55.0,18.0,74.0,phage,gene-PHIKZ110
gene-PHIKZ240,14,16,95,33.0,5.0,83.0,phage,gene-PHIKZ240
gene-PHIKZ125,161,126,271,185.0,27.0,183.0,phage,gene-PHIKZ125
gene-PHIKZ179,5,4,612,328.0,253.0,923.0,phage,gene-PHIKZ179
gene-PHIKZ_p75,60,27,223,97.0,16.0,147.0,phage,gene-PHIKZ_p75
gene-PHIKZ_p68,14,14,35,23.0,3.0,35.0,phage,gene-PHIKZ_p68
gene-PHIKZ018,107,79,87,38.0,6.0,54.0,phage,gene-PHIKZ018
gene-PHIKZ019,47,35,36,21.0,10.0,28.0,phage,gene-PHIKZ019
gene-PHIKZ272,132,89,220,142.0,23.0,125.0,phage,gene-PHIKZ272
gene-PHIKZ182,35,32,61,44.0,122.0,597.0,phage,gene-PHIKZ182
gene-PHIKZ194,125,86,1895,994.0,208.0,492.0,phage,gene-PHIKZ194
gene-PHIKZ248,50,30,24,22.0,7.0,114.0,phage,gene-PHIKZ248
gene-PHIKZ205,19,19,70,39.0,8.0,58.0,phage,gene-PHIKZ205
gene-PHIKZ_p79,158,163,398,225.0,29.0,135.0,phage,gene-PHIKZ_p79
gene-PHIKZ273,195,169,451,300.0,39.0,177.0,phage,gene-PHIKZ273
gene-PHIKZ_p48,9,9,38,26.0,91.0,346.0,phage,gene-PHIKZ_p48
gene-PHIKZ222,36,35,165,103.0,13.0,93.0,phage,gene-PHIKZ222
gene-PHIKZ138,2,4,43,25.0,50.0,221.0,phage,gene-PHIKZ138
gene-PHIKZ_p72,13,14,169,97.0,20.0,95.0,phage,gene-PHIKZ_p72
gene-PHIKZ302,3,7,73,43.0,17.0,77.0,phage,gene-PHIKZ302
gene-PHIKZ163,14,13,351,167.0,247.0,852.0,phage,gene-PHIKZ163
gene-PHIKZ_p10,6,4,47,37.0,7.0,85.0,phage,gene-PHIKZ_p10
gene-PHIKZ128,14,15,73,54.0,147.0,841.0,phage,gene-PHIKZ128
gene-PHIKZ241,35,28,18,10.0,1.0,65.0,phage,gene-PHIKZ241
gene-PHIKZ098,19,21,54,31.0,76.0,467.0,phage,gene-PHIKZ098
gene-PHIKZ236,81,77,677,310.0,38.0,172.0,phage,gene-PHIKZ236
gene-PHIKZ105,468,353,124,69.0,28.0,155.0,phage,gene-PHIKZ105
gene-PHIKZ199,0,5,15,7.0,17.0,94.0,phage,gene-PHIKZ199
gene-PHIKZ_p20,5,9,60,44.0,2.0,54.0,phage,gene-PHIKZ_p20
gene-PHIKZ115,144,124,75,41.0,16.0,60.0,phage,gene-PHIKZ115
gene-PHIKZ_p80,2,3,6,5.0,0.0,14.0,phage,gene-PHIKZ_p80
gene-PHIKZ284,276,219,740,434.0,83.0,301.0,phage,gene-PHIKZ284
gene-PHIKZ056,201,203,1189,728.0,186.0,511.0,phage,gene-PHIKZ056
gene-PHIKZ229,29,42,475,292.0,99.0,252.0,phage,gene-PHIKZ229
gene-PHIKZ021,80,75,57,25.0,13.0,49.0,phage,gene-PHIKZ021
gene-PHIKZ_p07,7,16,57,46.0,9.0,69.0,phage,gene-PHIKZ_p07
gene-PHIKZ250,166,148,118,98.0,25.0,116.0,phage,gene-PHIKZ250
gene-PHIKZ099,11,12,325,144.0,202.0,625.0,phage,gene-PHIKZ099
gene-PHIKZ_p42,3,3,41,38.0,11.0,49.0,phage,gene-PHIKZ_p42
gene-PHIKZ249,134,120,112,70.0,23.0,163.0,phage,gene-PHIKZ249
gene-PHIKZ104,24,22,38,24.0,16.0,103.0,phage,gene-PHIKZ104
gene-PHIKZ_p89,1,2,41,24.0,5.0,19.0,phage,gene-PHIKZ_p89
gene-PHIKZ020,107,99,65,26.0,4.0,46.0,phage,gene-PHIKZ020
gene-PHIKZ_p04,22,14,352,243.0,171.0,520.0,phage,gene-PHIKZ_p04
gene-PHIKZ_p44,1,3,64,23.0,62.0,187.0,phage,gene-PHIKZ_p44
gene-PHIKZ133,17,14,282,142.0,206.0,691.0,phage,gene-PHIKZ133
gene-PHIKZ_p84,3,3,142,77.0,7.0,58.0,phage,gene-PHIKZ_p84
gene-PHIKZ045,94,76,159,86.0,23.0,115.0,phage,gene-PHIKZ045
gene-PHIKZ232,113,118,428,265.0,34.0,243.0,phage,gene-PHIKZ232
gene-PHIKZ132,6,6,279,157.0,271.0,772.0,phage,gene-PHIKZ132
gene-PHIKZ_p47,8,3,7,8.0,15.0,74.0,phage,gene-PHIKZ_p47
gene-PHIKZ093,17,21,766,409.0,539.0,1816.0,phage,gene-PHIKZ093
gene-PHIKZ114,76,57,39,18.0,5.0,55.0,phage,gene-PHIKZ114
gene-PHIKZ140,10,8,80,44.0,76.0,282.0,phage,gene-PHIKZ140
gene-PHIKZ238,55,52,337,239.0,27.0,115.0,phage,gene-PHIKZ238
gene-PHIKZ259,15,11,78,71.0,8.0,66.0,phage,gene-PHIKZ259
gene-PHIKZ_p35,92,93,45,27.0,7.0,47.0,phage,gene-PHIKZ_p35
gene-PHIKZ175,23,8,114,59.0,153.0,579.0,phage,gene-PHIKZ175
gene-PHIKZ304,3,10,264,170.0,41.0,141.0,phage,gene-PHIKZ304
gene-PHIKZ_p45,0,0,7,4.0,23.0,85.0,phage,gene-PHIKZ_p45
gene-PHIKZ296,13,15,255,139.0,58.0,244.0,phage,gene-PHIKZ296
gene-PHIKZ064,9,13,1652,900.0,337.0,844.0,phage,gene-PHIKZ064
gene-PHIKZ214,34,31,329,203.0,47.0,259.0,phage,gene-PHIKZ214
gene-PHIKZ_p14,47,30,43,25.0,3.0,67.0,phage,gene-PHIKZ_p14
gene-PHIKZ_p54,151,106,721,384.0,46.0,239.0,phage,gene-PHIKZ_p54
gene-PHIKZ247,68,57,33,19.0,5.0,72.0,phage,gene-PHIKZ247
gene-PHIKZ_p56,283,223,928,483.0,59.0,118.0,phage,gene-PHIKZ_p56
gene-PHIKZ_p61,64,50,591,314.0,53.0,193.0,phage,gene-PHIKZ_p61
gene-PHIKZ013,235,206,91,48.0,13.0,44.0,phage,gene-PHIKZ013
gene-PHIKZ030,21,22,78,39.0,1105.0,2494.0,phage,gene-PHIKZ030
gene-PHIKZ027,28,29,407,200.0,623.0,1868.0,phage,gene-PHIKZ027
gene-PHIKZ265,6,7,18,14.0,2.0,41.0,phage,gene-PHIKZ265
gene-PHIKZ190,27,22,81,63.0,11.0,79.0,phage,gene-PHIKZ190
gene-PHIKZ_p09,1,0,3,13.0,1.0,27.0,phage,gene-PHIKZ_p09
gene-PHIKZ171,350,262,1462,922.0,133.0,362.0,phage,gene-PHIKZ171
gene-PHIKZ254,5,6,53,27.0,8.0,38.0,phage,gene-PHIKZ254
gene-PHIKZ_p40,50,38,499,263.0,268.0,445.0,phage,gene-PHIKZ_p40
gene-PHIKZ_p31,2,1,100,81.0,11.0,76.0,phage,gene-PHIKZ_p31
gene-PHIKZ016,204,202,210,109.0,20.0,96.0,phage,gene-PHIKZ016
gene-PHIKZ135,16,16,386,200.0,347.0,1185.0,phage,gene-PHIKZ135
gene-PHIKZ111,242,182,120,58.0,23.0,110.0,phage,gene-PHIKZ111
gene-PHIKZ144,5,3,70,37.0,151.0,535.0,phage,gene-PHIKZ144
gene-PHIKZ245,39,41,104,70.0,13.0,123.0,phage,gene-PHIKZ245
gene-PHIKZ251,41,46,54,33.0,6.0,93.0,phage,gene-PHIKZ251
gene-PHIKZ_p81,163,122,1606,854.0,175.0,367.0,phage,gene-PHIKZ_p81
gene-PHIKZ023,266,225,231,116.0,22.0,81.0,phage,gene-PHIKZ023
gene-PHIKZ256,3,4,9,1.0,0.0,43.0,phage,gene-PHIKZ256
gene-PHIKZ100,8,7,323,135.0,153.0,448.0,phage,gene-PHIKZ100
gene-PHIKZ193,68,46,1064,610.0,145.0,360.0,phage,gene-PHIKZ193
gene-PHIKZ227,44,37,273,161.0,40.0,150.0,phage,gene-PHIKZ227
gene-PHIKZ184,6,9,588,338.0,113.0,371.0,phage,gene-PHIKZ184
gene-PHIKZ_p03,33,31,14,6.0,7.0,21.0,phage,gene-PHIKZ_p03
gene-PHIKZ283,200,167,492,317.0,39.0,230.0,phage,gene-PHIKZ283
gene-PHIKZ237,189,194,1777,848.0,80.0,346.0,phage,gene-PHIKZ237
gene-PHIKZ271,54,33,61,38.0,1.0,111.0,phage,gene-PHIKZ271
gene-PHIKZ015,343,351,215,120.0,30.0,130.0,phage,gene-PHIKZ015
gene-PHIKZ_p77,14,14,12,14.0,0.0,16.0,phage,gene-PHIKZ_p77
gene-PHIKZ142,3,3,63,51.0,111.0,346.0,phage,gene-PHIKZ142
gene-PHIKZ055,76,60,944,469.0,98.0,303.0,phage,gene-PHIKZ055
gene-PHIKZ234,23,20,194,109.0,19.0,88.0,phage,gene-PHIKZ234
gene-PHIKZ113,5,8,7,4.0,4.0,23.0,phage,gene-PHIKZ113
gene-PHIKZ_p37,96,106,59,46.0,11.0,40.0,phage,gene-PHIKZ_p37
gene-PHIKZ185,447,317,789,458.0,37.0,166.0,phage,gene-PHIKZ185
gene-PHIKZ107,103,85,41,27.0,8.0,61.0,phage,gene-PHIKZ107
gene-PHIKZ090,17,14,576,328.0,546.0,1241.0,phage,gene-PHIKZ090
gene-PHIKZ092,19,13,489,308.0,380.0,1265.0,phage,gene-PHIKZ092
gene-PHIKZ072,119,119,536,292.0,74.0,276.0,phage,gene-PHIKZ072
gene-PHIKZ108,34,26,9,7.0,8.0,51.0,phage,gene-PHIKZ108
gene-PHIKZ146,61,66,60,34.0,797.0,2232.0,phage,gene-PHIKZ146
gene-PHIKZ_p53,118,147,324,224.0,20.0,104.0,phage,gene-PHIKZ_p53
gene-PHIKZ_p62,1,1,23,28.0,2.0,45.0,phage,gene-PHIKZ_p62
gene-PHIKZ076,12,12,8,5.0,1.0,28.0,phage,gene-PHIKZ076
gene-PHIKZ266,54,46,122,66.0,29.0,171.0,phage,gene-PHIKZ266
gene-PHIKZ279,107,108,136,69.0,9.0,198.0,phage,gene-PHIKZ279
gene-PHIKZ174,25,18,87,40.0,25.0,309.0,phage,gene-PHIKZ174
gene-PHIKZ119,3,2,29,10.0,436.0,922.0,phage,gene-PHIKZ119
gene-PHIKZ039,314,249,1990,1078.0,194.0,596.0,phage,gene-PHIKZ039
gene-PHIKZ_t04,1,2,115,30.0,19.0,32.0,phage,gene-PHIKZ_t04
gene-PHIKZ054,606,585,6110,3619.0,2318.0,4038.0,phage,gene-PHIKZ054
gene-PHIKZ_p16,31,14,166,88.0,100.0,477.0,phage,gene-PHIKZ_p16
gene-PHIKZ_p76,325,209,271,128.0,28.0,126.0,phage,gene-PHIKZ_p76
gene-PHIKZ267,36,43,47,25.0,3.0,57.0,phage,gene-PHIKZ267
gene-PHIKZ_p50,10,7,14,13.0,16.0,78.0,phage,gene-PHIKZ_p50
gene-PHIKZ269,53,55,80,47.0,7.0,78.0,phage,gene-PHIKZ269
gene-PHIKZ233,48,49,232,150.0,25.0,161.0,phage,gene-PHIKZ233
gene-PHIKZ231,18,13,81,30.0,5.0,65.0,phage,gene-PHIKZ231
gene-PHIKZ_p21,128,107,544,240.0,67.0,121.0,phage,gene-PHIKZ_p21
gene-PHIKZ187,104,94,792,492.0,50.0,120.0,phage,gene-PHIKZ187
gene-PHIKZ081,11,16,1072,531.0,284.0,1030.0,phage,gene-PHIKZ081
gene-PHIKZ121,65,47,124,71.0,16.0,97.0,phage,gene-PHIKZ121
gene-PHIKZ270,68,69,69,54.0,13.0,93.0,phage,gene-PHIKZ270
gene-PHIKZ137,10,19,85,40.0,71.0,265.0,phage,gene-PHIKZ137
gene-PHIKZ260,82,77,59,40.0,6.0,64.0,phage,gene-PHIKZ260
gene-PHIKZ083,16,14,60,28.0,76.0,474.0,phage,gene-PHIKZ083
gene-PHIKZ244,41,34,282,136.0,61.0,206.0,phage,gene-PHIKZ244
gene-PHIKZ288,156,131,505,258.0,24.0,165.0,phage,gene-PHIKZ288
gene-PHIKZ165,17,19,1405,810.0,114.0,709.0,phage,gene-PHIKZ165
gene-PHIKZ220,17,9,84,58.0,7.0,72.0,phage,gene-PHIKZ220
gene-PHIKZ170,27,22,50,37.0,5.0,61.0,phage,gene-PHIKZ170
gene-PHIKZ286,142,125,180,123.0,17.0,342.0,phage,gene-PHIKZ286
gene-PHIKZ050,26,29,696,498.0,91.0,697.0,phage,gene-PHIKZ050
gene-PHIKZ152,25,24,1586,795.0,166.0,595.0,phage,gene-PHIKZ152
gene-PHIKZ198,5,3,20,10.0,43.0,173.0,phage,gene-PHIKZ198
gene-PHIKZ_p01,55,48,32,14.0,3.0,16.0,phage,gene-PHIKZ_p01
gene-PHIKZ036,46,49,101,97.0,8.0,146.0,phage,gene-PHIKZ036
gene-PHIKZ147,6,5,287,179.0,68.0,287.0,phage,gene-PHIKZ147
gene-PHIKZ041,33,24,148,96.0,16.0,136.0,phage,gene-PHIKZ041
gene-PHIKZ068,387,347,1713,983.0,113.0,450.0,phage,gene-PHIKZ068
gene-PHIKZ257,86,74,282,207.0,19.0,203.0,phage,gene-PHIKZ257
gene-PHIKZ130,12,14,23,20.0,109.0,367.0,phage,gene-PHIKZ130
gene-PHIKZ_p55,2,5,41,22.0,42.0,137.0,phage,gene-PHIKZ_p55
gene-PHIKZ253,113,107,168,120.0,27.0,155.0,phage,gene-PHIKZ253
gene-PHIKZ_p22,130,107,912,548.0,60.0,199.0,phage,gene-PHIKZ_p22
gene-PHIKZ211,10,10,75,55.0,9.0,77.0,phage,gene-PHIKZ211
gene-PHIKZ080,25,19,206,119.0,179.0,660.0,phage,gene-PHIKZ080
gene-PHIKZ221,8,5,7,4.0,1.0,89.0,phage,gene-PHIKZ221
gene-PHIKZ_p71,25,18,206,115.0,23.0,152.0,phage,gene-PHIKZ_p71
gene-PHIKZ103,70,53,152,85.0,28.0,84.0,phage,gene-PHIKZ103
gene-PHIKZ069,313,285,1697,967.0,104.0,407.0,phage,gene-PHIKZ069
gene-PHIKZ085,6,4,299,168.0,152.0,468.0,phage,gene-PHIKZ085
gene-PHIKZ195,2,5,40,16.0,6.0,56.0,phage,gene-PHIKZ195
gene-PHIKZ028,17,12,143,93.0,225.0,696.0,phage,gene-PHIKZ028
gene-PHIKZ_p86,0,1,9,7.0,1.0,21.0,phage,gene-PHIKZ_p86
gene-PHIKZ_p15,74,65,721,388.0,91.0,324.0,phage,gene-PHIKZ_p15
gene-PHIKZ112,106,123,115,61.0,17.0,50.0,phage,gene-PHIKZ112
gene-PHIKZ_p74,2,2,3,2.0,0.0,25.0,phage,gene-PHIKZ_p74
gene-PHIKZ101,16,16,208,143.0,90.0,544.0,phage,gene-PHIKZ101
gene-PHIKZ139,17,9,373,177.0,263.0,701.0,phage,gene-PHIKZ139
gene-PHIKZ189,149,140,1172,845.0,134.0,304.0,phage,gene-PHIKZ189
gene-PHIKZ294,4,3,312,200.0,37.0,174.0,phage,gene-PHIKZ294
gene-PHIKZ305,17,25,1400,754.0,128.0,426.0,phage,gene-PHIKZ305
gene-PHIKZ303,36,41,569,337.0,365.0,1308.0,phage,gene-PHIKZ303
gene-PHIKZ047,143,100,290,202.0,55.0,220.0,phage,gene-PHIKZ047
gene-PHIKZ150,1,5,168,105.0,18.0,114.0,phage,gene-PHIKZ150
gene-PHIKZ_p49,8,10,197,83.0,93.0,341.0,phage,gene-PHIKZ_p49
gene-PHIKZ274,106,70,245,155.0,27.0,94.0,phage,gene-PHIKZ274
gene-PHIKZ_p02,16,18,6,5.0,1.0,22.0,phage,gene-PHIKZ_p02
gene-PHIKZ017,199,153,142,75.0,15.0,62.0,phage,gene-PHIKZ017
gene-PHIKZ088,20,24,129,51.0,74.0,332.0,phage,gene-PHIKZ088
gene-PHIKZ167,94,99,167,122.0,18.0,115.0,phage,gene-PHIKZ167
gene-PHIKZ004,7,4,93,62.0,15.0,105.0,phage,gene-PHIKZ004
gene-PHIKZ263,82,101,193,88.0,27.0,90.0,phage,gene-PHIKZ263
gene-PHIKZ180,15,12,349,196.0,119.0,454.0,phage,gene-PHIKZ180
gene-PHIKZ_p34,573,479,154,108.0,25.0,111.0,phage,gene-PHIKZ_p34
gene-PHIKZ216,409,346,1412,806.0,178.0,423.0,phage,gene-PHIKZ216
gene-PHIKZ210,56,60,569,269.0,36.0,140.0,phage,gene-PHIKZ210
gene-PHIKZ_p69,3,3,8,6.0,4.0,24.0,phage,gene-PHIKZ_p69
gene-PHIKZ007,98,113,50,34.0,4.0,51.0,phage,gene-PHIKZ007
gene-PHIKZ012,120,85,58,28.0,6.0,43.0,phage,gene-PHIKZ012
gene-PHIKZ297,4,6,93,75.0,16.0,128.0,phage,gene-PHIKZ297
gene-PHIKZ003,4,2,94,81.0,11.0,106.0,phage,gene-PHIKZ003
gene-PHIKZ203,35,41,279,208.0,164.0,750.0,phage,gene-PHIKZ203
gene-PHIKZ_p90,5,3,66,37.0,11.0,35.0,phage,gene-PHIKZ_p90
gene-PHIKZ025,34,23,77,38.0,229.0,864.0,phage,gene-PHIKZ025
gene-PHIKZ298,23,15,191,108.0,133.0,491.0,phage,gene-PHIKZ298
gene-PHIKZ051,49,43,388,288.0,74.0,245.0,phage,gene-PHIKZ051
gene-PHIKZ_p27,7,13,67,64.0,53.0,268.0,phage,gene-PHIKZ_p27
gene-PHIKZ202,10,9,81,48.0,42.0,161.0,phage,gene-PHIKZ202
gene-PHIKZ087,28,30,236,144.0,262.0,1201.0,phage,gene-PHIKZ087
gene-PHIKZ_p60,11,11,59,34.0,8.0,53.0,phage,gene-PHIKZ_p60
gene-PHIKZ_t07,2,5,67,26.0,13.0,42.0,phage,gene-PHIKZ_t07
gene-PHIKZ022,241,205,164,71.0,29.0,105.0,phage,gene-PHIKZ022
gene-PHIKZ_p32,6,5,19,6.0,3.0,27.0,phage,gene-PHIKZ_p32
gene-PHIKZ034,10,7,29,28.0,46.0,299.0,phage,gene-PHIKZ034
gene-PHIKZ156,7,5,28,5.0,19.0,114.0,phage,gene-PHIKZ156
gene-PHIKZ131,65,48,200,102.0,824.0,2435.0,phage,gene-PHIKZ131
gene-PHIKZ_p51,10,16,24,17.0,31.0,246.0,phage,gene-PHIKZ_p51
gene-PHIKZ_t05,3,5,25,29.0,5.0,36.0,phage,gene-PHIKZ_t05
gene-PHIKZ209,106,102,466,235.0,31.0,184.0,phage,gene-PHIKZ209
gene-PHIKZ183,3,4,87,60.0,25.0,112.0,phage,gene-PHIKZ183
gene-PHIKZ301,3,3,76,70.0,10.0,65.0,phage,gene-PHIKZ301
gene-PHIKZ228,93,58,1520,732.0,228.0,632.0,phage,gene-PHIKZ228
gene-PHIKZ038,23,32,89,66.0,9.0,89.0,phage,gene-PHIKZ038
gene-PHIKZ215,8,7,26,16.0,6.0,36.0,phage,gene-PHIKZ215
gene-PHIKZ_p43,25,23,887,520.0,137.0,427.0,phage,gene-PHIKZ_p43
gene-PHIKZ075,92,113,686,437.0,134.0,559.0,phage,gene-PHIKZ075
gene-PHIKZ_p28,1,0,123,62.0,18.0,63.0,phage,gene-PHIKZ_p28
gene-PHIKZ287,48,65,657,330.0,50.0,181.0,phage,gene-PHIKZ287
gene-PHIKZ223,13,12,64,41.0,8.0,106.0,phage,gene-PHIKZ223
gene-PHIKZ_p29,14,12,351,218.0,222.0,712.0,phage,gene-PHIKZ_p29
gene-PHIKZ116,99,94,89,45.0,9.0,97.0,phage,gene-PHIKZ116
gene-PHIKZ_p19,25,27,1783,1032.0,367.0,988.0,phage,gene-PHIKZ_p19
gene-PHIKZ141,9,6,264,138.0,251.0,971.0,phage,gene-PHIKZ141
gene-PHIKZ200,16,20,65,29.0,23.0,184.0,phage,gene-PHIKZ200
gene-PHIKZ_p91,47,57,31,24.0,2.0,25.0,phage,gene-PHIKZ_p91
gene-PHIKZ_p41,2,1,33,37.0,6.0,52.0,phage,gene-PHIKZ_p41
gene-PHIKZ285,75,73,138,106.0,14.0,176.0,phage,gene-PHIKZ285
gene-PHIKZ181,96,88,440,234.0,1090.0,3927.0,phage,gene-PHIKZ181
gene-PHIKZ_p39,38,25,56,40.0,46.0,144.0,phage,gene-PHIKZ_p39
gene-PHIKZ031,128,101,1155,731.0,114.0,375.0,phage,gene-PHIKZ031
gene-PHIKZ153,13,6,58,34.0,87.0,344.0,phage,gene-PHIKZ153
gene-PHIKZ243,51,43,299,172.0,34.0,163.0,phage,gene-PHIKZ243
gene-PHIKZ160,4,2,24,13.0,41.0,165.0,phage,gene-PHIKZ160
gene-PHIKZ033,4,4,197,109.0,24.0,181.0,phage,gene-PHIKZ033
gene-PHIKZ242,98,60,309,145.0,20.0,157.0,phage,gene-PHIKZ242
gene-PHIKZ078,6,14,446,230.0,71.0,292.0,phage,gene-PHIKZ078
gene-PHIKZ252,166,146,146,82.0,21.0,105.0,phage,gene-PHIKZ252
gene-PHIKZ_p18,98,85,266,153.0,26.0,125.0,phage,gene-PHIKZ_p18
gene-PHIKZ_p52,3,1,4,1.0,13.0,62.0,phage,gene-PHIKZ_p52
gene-PHIKZ_p17,38,35,575,345.0,56.0,180.0,phage,gene-PHIKZ_p17
gene-PHIKZ275,73,67,245,127.0,21.0,109.0,phage,gene-PHIKZ275
gene-PHIKZ061,161,124,495,310.0,46.0,155.0,phage,gene-PHIKZ061
gene-PHIKZ261,199,159,149,83.0,16.0,103.0,phage,gene-PHIKZ261
gene-PHIKZ043,75,72,461,231.0,52.0,237.0,phage,gene-PHIKZ043
gene-PHIKZ196,19,15,332,203.0,41.0,154.0,phage,gene-PHIKZ196
gene-PHIKZ_p26,1,6,56,38.0,18.0,100.0,phage,gene-PHIKZ_p26
gene-PHIKZ120,88,76,600,295.0,7449.0,12677.0,phage,gene-PHIKZ120
gene-PHIKZ035,18,20,160,87.0,194.0,646.0,phage,gene-PHIKZ035
gene-PHIKZ014,525,486,317,168.0,39.0,195.0,phage,gene-PHIKZ014
gene-PHIKZ006,457,395,105,59.0,12.0,102.0,phage,gene-PHIKZ006
gene-PHIKZ262,54,49,33,26.0,5.0,28.0,phage,gene-PHIKZ262
